id,submittedByOrgId,preferredInstitutionId,applicationRef,status,stateOfOperation,organisationLegalName,registrationType,yearEstablished,organisationType,websiteOrSocialHandle,primaryContactName,primaryContactRole,primaryContactPhone,primaryContactEmail,statesOfOperation,physicalAddress,proximityToHostInstitution,tin,staffingSummary,governanceStructure,sectorFocus,programmeDeliveryTrackRecord,mentorshipIndustryNetwork,inclusionAccessibilityCapacity,existingInstitutionalRelationships,institutionalCoordinationPlan,staffFacultyEngagementPlan,beneficiaryReferralPlan,hasConductedIncubation,hasConductedAcceleration,monitoringReportingSystems,sustainabilityPlan,employmentPathway,conflictOfInterestDeclared,safeguardingPolicyCommitted,genderInclusionPolicyCommitted,idiceReportingQaCommitted,ndpaComplianceAccepted,declarationOfAccuracyConfirmed,brownfieldRestrictionAccepted,authorisedSignatoryName,authorisedSignatoryTitle,signedAt,submittedAt,created_at,updated_at
07dbb857-eb2e-4d22-a418-1bf6e5f7c53f,c36822bf-f748-4886-b7ff-064583cc4a02,0c9b8d16-a929-4449-8cd3-1391f7175796,IDICE-NC-BEN-0001,DRAFT,Benue,13TH SNIPERS SOLUTIONS NIG LTD,registered_entity,2014,Startup Support Organisations,,,,,,[],,,,,,[],,,,,,,,,,,,,false,false,false,false,false,false,false,,,,,2026-09-19 16:01:13.532262+00,2026-09-19 16:07:52.51668+00
0861833f-8b21-475d-95c5-42f3cd5e0130,52ac0791-e6f9-401d-8d64-f37cae8cd7e8,1c510fe8-ad6d-4204-84ec-7562eb5900c5,IDICE-NC-NIG-0001,DRAFT,Niger,Richi's Pastries,,,,,,,,,[],,,,,,[],,,,,,,,,,,,,false,false,false,false,false,false,false,,,,,2026-09-04 10:07:33.133559+00,2026-09-04 10:07:33.133559+00
0e0feaab-9004-4869-ad96-eb995201ca43,f8b9da3f-e660-4ac3-ba13-8d1b38b1815d,04e34081-9746-4d77-a729-c21c75147b8b,IDICE-NC-FCT-0001,SUBMITTED,FCT,Wootlab Foundation,registered_entity,2020,Innovation Hub,https://wootlab.ng/foundation,Goodnews Akwaowo,Partnerships Lead,09075363339,Programmes@wootlab.ng,"[""FCT""]","961 Adjacent Luziana Apartments, Mabushi Abuja.",15_30,23708161-0001,10,"Wootlab Foundation operates under a Board of Trustees, which provides the highest level of governance and strategic oversight. The Board ensures that the Foundation remains aligned with its mission, values, legal responsibilities, and long-term objectives.

The Chief Executive Officer (CEO) provides executive leadership and is accountable to the Board of Trustees for the overall management and performance of the Foundation. The CEO translates the Board’s strategic direction into organisational priorities and ensures effective stewardship of resources.

The Team Lead supports the CEO by coordinating day-to-day organisational activities and ensuring that the Foundation’s core functions Programmes, Communications & Media, Resource Mobilisation, Administration, and Operations work together effectively toward shared organisational goals.

In summary:
Board of Trustees → Strategic Governance & Oversight
CEO → Executive Leadership & Accountability
Team Lead → Coordination & Implementation Oversight
Core Functions → Delivery of Organisational Objectives","[""Technology"",""Entrepreneurship"",""Creative""]","Wootlab Foundation has a strong track record of designing and implementing large-scale digital skills, entrepreneurship, education, and capacity-building programmes across Nigeria and beyond. Its delivery experience spans partnerships with government institutions, Microsoft, multinational organisations, financial institutions, development partners, and private-sector organisations, with programmes reaching beneficiaries across multiple states and underserved communities.

Key delivery experience includes:
Large-scale digital skills delivery: Over 120,000 Nigerian youths trained through the Federal Government–Microsoft Digital Skills Nigeria initiative, alongside programmes reaching tens of thousands of additional beneficiaries across states.
Digital community implementation: Operationalisation of 50 Digital Community Centres across 17 states, managing 100 facilitators and training over 21,393 beneficiaries between August and May.

Youth and employability programmes: More than 26,000 beneficiaries trained in Anambra across digital skills, entrepreneurship and career pathways, with selected beneficiaries receiving laptops and internship opportunities.

Public-sector capacity building: Delivery of digital upskilling programmes for civil servants, including 210 OHCSF participants in 2024 and 500 civil servants in 2025 across key federal institutions.

Teacher development: Implementation of the Seplat Teachers Empowerment Programme, including 650 teachers trained in 2025 and a cumulative 1,984 teachers empowered since inception.

Women and girls in technology: Programmes including RevUp Women and Girls in ICT initiatives, reaching women entrepreneurs and over 335 female secondary-school students, respectively.

Digital learning infrastructure: Extensive deployment of the Microsoft Community Training (MCT) Platform, with over 300,000 registered learners through 57 partner organisations and programmes since 2022.
Enterprise development: Delivery of entrepreneurship programmes, including support to 375 business owners in Kwara, with 170 businesses qualifying for loan support and over ₦102 million disbursed to eligible businesses.
Inclusive digital skills: Training of over 10,800 young people across Borno, Adamawa and Yobe, with deliberate inclusion of women and Persons with Disabilities.

Overall, this track record demonstrates Wootlab Foundation’s capacity to manage multi-stakeholder programmes, deliver at scale, leverage digital learning platforms, coordinate distributed implementation teams, and translate training investments into measurable participation, certification, employability and enterprise outcomes.","Microsoft
The America Towers Corporation (ATC)
AfriLabs
The Aig-Imoukhuede Foundation
Kastina State Government
Adamawa State Government","Gender Equality, Social Inclusion and Equity (GESI) will be integrated throughout the programme lifecycle, from mobilisation and beneficiary selection to training, assessment, employment and ongoing monitoring. The programme will maintain a 50/50 gender balance and target at least 5% participation from young people who are Not in Employment, Education or Training (NEET), while deliberately creating opportunities for Persons with Disabilities (PWDs) and other marginalised and underserved groups.

To promote gender parity, participation will be actively monitored from the application stage through enrolment, attendance, completion, certification and placement, with all relevant data disaggregated by gender. Targeted mobilisation strategies will be used to increase female participation, including engagement with women’s groups, faith-based organisations, female ambassadors, recruiters and trainers. Female application and conversion rates will also be monitored by state and mobilisation channel to identify and address gaps in participation.

The programme will also prioritise operational accessibility and safe participation for all beneficiaries. Training venues will be selected to promote safety and accessibility, while flexible schedules will be considered to accommodate participants with different needs. Where approved and feasible, additional support such as childcare or transport assistance may be provided to reduce barriers to participation. Attendance, retention and withdrawal patterns will be monitored to identify challenges that may disproportionately affect vulnerable participants.

For Persons with Disabilities, the programme will actively create pathways for participation through targeted mobilisation and partnerships with organisations such as the National Commission for Persons with Disabilities (NCPWD), the Joint National Association of Persons with Disabilities (JONAPWD) and other disability-focused organisations. Accessibility assessments will inform programme delivery, while participation, reasonable accommodation, completion and placement outcomes for PWDs will be specifically tracked.

The programme will further adopt targeted approaches to reach NEETs and other vulnerable groups, including young people in underserved communities and internally displaced persons (IDPs). Community-based partners, social-welfare actors and other relevant stakeholders will support outreach to these groups. Where required, participants will receive reasonable accommodation, including assistive technologies, adapted learning materials and individual support plans, based on identified needs.

GESI considerations will extend beyond training into employment and placement. The programme will engage employers that demonstrate disability-inclusive practices and provide workplace-readiness and placement support to participants. Employer inclusion practices and PWD placement outcomes will be monitored to ensure that inclusion is reflected not only in programme participation but also in access to employment opportunities.

Overall accountability for GESI implementation will be supported through GESI Specialist oversight, weekly monitoring and quarterly inclusion reporting. Participation and outcome data will be reviewed regularly to identify disparities, track progress against inclusion targets and implement corrective actions where necessary. This approach will ensure that GESI is treated as a core programme delivery principle rather than a standalone activity.","Wootlab Foundation has established relationships and experience working with tertiary institutions, including institutions within the North Central region. Our existing engagements include the University of Abuja and Nile University, providing a strong foundation for collaboration, institutional mobilisation and programme implementation.

Beyond North Central, Wootlab has also worked with institutions including Igbinedion University and the University of Uyo, giving our team practical experience in navigating institutional structures, engaging university leadership and working with faculty, student-facing departments and other relevant stakeholders.

For the iDICE Programme, we are already engaging with prospective host institutions to build institutional buy-in, understand their existing entrepreneurship and enterprise support structures, and establish clear focal points for programme coordination. These relationships will support faster mobilisation, beneficiary identification and referral, access to relevant institutional facilities and networks, and effective coordination throughout implementation.

Our approach is therefore built on existing institutional relationships, early engagement and strong stakeholder ownership, enabling Wootlab to integrate enterprise support into existing institutional structures while ensuring that participating beneficiaries receive consistent and practical support.","Wootlab Foundation will work closely with existing institutional structures to ensure that enterprise support is embedded within, rather than operating separately from, the institutions. We are already engaging participating institutions to secure leadership buy-in, establish clear coordination mechanisms and align implementation with existing entrepreneurship, career development and student support structures.

We will work with entrepreneurship and innovation centres, career services units, student affairs departments, alumni networks and relevant faculties to support outreach, beneficiary identification, referrals, enterprise development activities and post-programme engagement. Where institutions have entrepreneurship or innovation hubs, these will serve as key entry points for enterprise support, mentoring and engagement with beneficiaries.

Wootlab has extensive experience working with universities and tertiary institutions, including the University of Abuja and Nile University in the North Central region, as well as Igbinedion University and the University of Uyo in other regions. These engagements have strengthened our understanding of institutional processes and our ability to work collaboratively with university leadership, staff, faculty and student-facing structures.","Wootlab will engage designated institutional staff and faculty as key implementation partners throughout the programme. During mobilisation, we will work with relevant focal persons to communicate programme objectives, identify eligible beneficiaries and facilitate access to existing student, alumni and entrepreneurship networks.

We will establish clear institutional focal points who will coordinate with the Wootlab implementation team and support communication between the programme and relevant university structures. Staff and faculty will also be oriented on the programme's objectives, eligibility requirements, referral process and available enterprise support so they can effectively identify and recommend suitable beneficiaries.

Faculty members, entrepreneurship centre personnel and career services staff will be encouraged to identify promising student and graduate entrepreneurs within their networks and connect them to relevant programme opportunities. Where appropriate, institutional staff may also participate in enterprise-focused sessions, mentoring, networking and other activities based on their expertise.

Our previous engagements with institutions such as the University of Abuja, Nile University, Igbinedion University and University of Uyo provide a strong foundation for effective institutional collaboration.","Beneficiaries will be identified through a combination of institution-led mobilisation, targeted outreach and structured application and screening processes. Wootlab will work with institutional focal persons, entrepreneurship centres, career services, faculties, student affairs units and alumni networks to reach eligible students, graduates and entrepreneurs.

Institutions will be provided with clear eligibility and referral criteria to enable staff and faculty to identify potential beneficiaries, particularly individuals with viable business ideas, existing enterprises or clear entrepreneurial potential who can benefit from the programme's support.

Wootlab will complement institutional referrals with direct mobilisation through its established digital and community networks, ensuring that outreach extends beyond beneficiaries already connected to entrepreneurship centres. All applicants will undergo a transparent screening process against agreed programme criteria, with attention to inclusion and equitable participation.

Beneficiary data will be captured through a structured registration and verification process, allowing Wootlab to track participation, support provided, enterprise progress and outcomes throughout the programme. This approach will combine the reach and institutional knowledge of partner institutions with Wootlab's experience in large-scale beneficiary mobilisation and programme delivery.",yes,yes,"Wootlab Foundation uses structured digital systems for beneficiary registration, attendance, participation, performance tracking and post-programme monitoring. Our programme delivery is supported by digital dashboards and data collection tools that enable real-time tracking of beneficiary engagement and programme outputs across multiple locations.

We use standardised data collection and verification processes to ensure that beneficiary information is captured accurately and can be disaggregated by relevant indicators such as gender, location, institution and programme participation. Programme teams regularly review data to identify gaps, monitor performance against targets and inform implementation decisions.

Our experience managing large-scale programmes has strengthened our capacity for data quality assurance, reporting and evidence-based programme management. We provide periodic implementation and outcome reports to partners and stakeholders, supported by beneficiary-level data, attendance records, activity reports and documented results.

For iDICE, we will maintain a centralised monitoring framework covering beneficiary onboarding, enterprise support activities, mentorship, milestones, referrals and post-programme outcomes, with clear reporting responsibilities and data protection protocols.","Wootlab Foundation's sustainability approach combines strategic partnerships, programme diversification and the ability to mobilise resources from development partners, private-sector organisations and institutional funders. We do not intend for enterprise support activities to depend solely on a single funding source.

Wootlab will leverage its established relationships with development organisations, government institutions, technology partners, universities and private-sector stakeholders to identify opportunities for continued enterprise development support. We will also pursue competitive grants, corporate social responsibility partnerships and co-funded programmes aligned with youth employment, entrepreneurship, digital skills and inclusive economic development.

In addition, Wootlab's wider organisational ecosystem, including its technical and talent development capabilities, provides opportunities to connect trained entrepreneurs and skilled beneficiaries to private-sector opportunities. Lessons, tools and institutional relationships developed through the programme will be integrated into future enterprise and employability initiatives, creating a foundation for continued support beyond the iDICE programme.

Our sustainability model therefore focuses on diversifying funding, strengthening partnerships and building institutional capacity, rather than relying on one programme or revenue stream.","Wootlab will design the programme around a clear progression from enterprise support to income generation, employment and business growth. Beneficiaries will first be assessed to understand their skills, business stage and career or enterprise goals. Based on this assessment, they will receive targeted capacity development, mentorship and practical support relevant to their pathway.

For employment-oriented beneficiaries, Wootlab will facilitate exposure to industry, career guidance, skills development and referrals to relevant employment opportunities. Beneficiaries demonstrating the required competencies will be connected to employers and talent networks, while those pursuing entrepreneurship will receive enterprise-focused mentoring and support to strengthen their business models, customer acquisition and readiness for growth.

Wootlab will track key transition points, including completion, employment or self-employment, enterprise activity, referrals and income-generating outcomes. This creates a practical pathway of identification → assessment → skills/enterprise support → industry exposure → referral → employment or enterprise growth → post-programme tracking.

Our experience in digital skills, employability and talent development, alongside the capabilities of Wootlab Innovations, will enable us to strengthen the transition between programme participation and real economic opportunities.",false,true,true,true,true,true,true,Chioma Okoro,Chief Executive Officer,2026-09-04 11:15:22.161+00,2026-09-04 11:15:22.161+00,2026-09-03 19:27:54.221265+00,2026-09-04 11:15:20.692356+00
140cb12e-553f-4429-82e0-44ae7b894d86,123c946b-cc54-441d-a388-9d2be83d60aa,04e34081-9746-4d77-a729-c21c75147b8b,IDICE-NC-FCT-0001,DRAFT,FCT,mac,,,,,,,,,[],,,,,,[],,,,,,,,,,,,,false,false,false,false,false,false,false,,,,,2026-09-03 22:19:26.061769+00,2026-09-03 22:19:26.061769+00
144f30c7-2e20-4b1a-b8d6-448fbc1f9aa3,88ef43b8-049b-468b-95e1-4ee6eb55cfb5,1c510fe8-ad6d-4204-84ec-7562eb5900c5,IDICE-NC-NIG-0001,DRAFT,Niger,CAD & GIS LTD,registered_entity,2003,Innovation Hub,https://www.facebook.com/profile.php?id=61562217547251,AGBO SUNDAY,CEO,08060234751,agbosunday99@gmail.com,"[""Niger""]","Eli Wasiri Street, front of Futmina gate opposite Bosso-primary School Minna, Niger State.",lt_15,323438520001,"8 full time, 5 part time","CAD & GIS Center Governance Structure
1. CAD & GIS Governance Board
•	Executive sponsor / senior management representative — Chair
•	Head of CAD & GIS Center — Secretary/Technical Lead
•	Head of Engineering/Design
•	Head of Survey/Geospatial
•	IT representative
•	Planning/Infrastructure representative
•	Legal/Compliance representative, where required
•	Representatives of major data-owning departments
Key responsibilities:
•	Approve CAD & GIS strategy and policies
•	Approve organizational standards and procedures
•	Resolve cross-departmental data ownership issues
•	Approve major GIS/CAD investments
•	Review performance and risks
•	Approve data-sharing principles
•	Ensure alignment with organizational objectives
2. CAD & GIS Policy & Standards Committee
CAD standards
•	Drawing standards
•	Layer naming conventions
•	File naming and numbering
•	Coordinate systems
•	Templates and title blocks
GIS standards
•	Coordinate reference systems
•	Geodatabase standards
•	Metadata requirements
•	Feature/classification standards
3. Data Governance Committee		
Governance Area	Responsibility
Data ownership	Define who owns each dataset
Data stewardship	Assign responsible custodians
Data quality	Establish accuracy and completeness requirements
Metadata	Ensure datasets are properly documented
Access	Define who can view/edit/download data
Data security	Protect sensitive spatial information
Data lifecycle	Define creation, updating, archiving and disposal
Data sharing	Establish internal/external sharing rules
4. Technology & Systems Committee
Areas of oversight:
•	CAD/GIS software
•	Cloud infrastructure
•	Hardware and workstations
•	GNSS/GPS equipment
•	UAV/drone technology
•	Data storage and backup
•	Cybersecurity
•	Software licensing
•	System integration and APIs
5. Head of CAD & GIS Center
Key responsibilities:
•	Implement Board decisions
•	Manage CAD/GIS teams
•	Enforce standards
•	Approve technical procedures
•	Coordinate projects
•	Monitor data quality
•	Manage resources
•	Report performance to senior management
•	Coordinate with internal and external stakeholders.

•	6. Quality Assurance & Compliance
An independent or semi-independent QA/QC function should review deliverables before they become official organizational records.
CAD QA/QC
Checks:
•	Layer structure
•	Drawing accuracy
•	Dimensions
•	Standards compliance
•	File naming
•	References
•	Plot quality
GIS QA/QC
Checks:
•	Geometry
•	Attributes
•	Coordinate systems
•	Topology
•	Metadata
•	Positional accuracy
•	Completeness
Survey QA/QC
Checks:
•	Survey control
•	Coordinate accuracy
•	Field procedures
•	Equipment calibration
•	Survey computations
•	Deliverable accuracy
7. Decision-Making Authority
A simple authority matrix can make Technical Lead | QA/QC | the governance model effective:
Decision	Governance Board	Head CAD/GIS	Technical Lead	QA/QC	Data Owner
CAD/GIS strategy	A	R	C	C	C
Standards	A	R	R	C	C
Software selection	A	R	C	C	C
Data ownership	A	C	C	C	R/A
Data quality	C	R	R	A/R	R
Project delivery	C	A	R	C	C
Data access	C	R	C	C	A
Final deliverable	C	A	R	R	C
A = Accountable, R = Responsible, C = Consulted","[""Technology""]","CAD & GIS Center has a strong track record of delivering practical, industry-focused training and capacity-building programmes in GIS, CAD, surveying, digital mapping, computer technology, and related technical skills. Over the years, the Center has trained students, professionals, government personnel, and young people through physical, online, and customized institutional programmes.

Key areas of programme delivery include:

GIS & Geospatial Training: QGIS, GIS for land administration, layout design, plot subdivision, survey plan production, spatial analysis, mapping, and digital decision-making.
CAD & Design Training: AutoCAD, architectural drafting, structural design and detailing, SketchUp 3D, and computer-aided engineering/design applications.
Government Capacity Building: GIS and technical training for public-sector personnel, including engagements supporting state government agencies and land administration activities.
Academic & Student Training: SIWES/industrial training, practical workshops, internships, and specialized training for students from universities and tertiary institutions.
Youth & Skills Development: Technology-focused programmes covering computer skills, hardware maintenance, digital tools, AI applications, and career-oriented technical skills.
Professional Development: Short courses, refresher programmes, webinars, masterclasses, and customized training designed to improve workplace competencies.
Industry Collaboration: Partnerships with organizations and businesses to provide practical technical training aligned with industry needs, including CAD applications for engineering and machine-component design.

The Center combines theoretical instruction with hands-on practical exercises, real-world projects, demonstrations, and industry-relevant tools, ensuring that participants acquire skills they can apply directly in academic, professional, and entrepreneurial settings.","Mentorship, Industry and Investor Network

CAD & GIS Center has developed relationships with professionals, industry practitioners, academic institutions, government agencies, private-sector organizations, and technology-focused partners. These networks provide access to **mentorship, technical expertise, industry exposure, internship opportunities, collaboration, business development, and potential investment support** for programme participants.

The Center leverages these connections to link trainees with experienced professionals in CAD, GIS, surveying, architecture, engineering, ICT, construction, real estate, and digital technology, helping participants translate their skills into practical career and entrepreneurship opportunities.","CAD & GIS Center is committed to providing **inclusive, accessible, and equitable learning opportunities** for young people and other beneficiaries, regardless of their background or level of prior experience. Our training approach combines practical, hands-on learning with supportive instruction to accommodate participants with different learning needs and skill levels.

The Center promotes **equal access to digital skills, CAD, GIS, ICT, entrepreneurship, and career development opportunities**, with flexible learning options, affordable programmes, mentorship, and practical support designed to reduce barriers to participation. We also encourage the participation of women, young people, persons from underserved communities, and individuals with limited access to technology and professional training.","CAD & GIS Center has established working relationships with academic institutions, government agencies, private-sector organizations, and training partners that support practical learning, industrial training, skills development, and professional capacity building.

These relationships have provided opportunities for **SIWES/industrial training, student placements, staff training, technical workshops, mentorship, project collaboration, and professional development. The Center has worked with institutions and organizations including Kaduna State University (KASU), Kaduna Polytechnic, Miva Open University, IDEAS TVET, Emmanuel International College Jos, Kaduna State Government agencies, and private-sector organizations.

Through these existing partnerships, CAD & GIS Center is well positioned to facilitate host institution engagement, workplace exposure, practical training, and transition from training to employment or entrepreneurship.","CAD & GIS Center works collaboratively with existing institutional structures, including educational institutions, government agencies, industry partners, professional networks, and community organizations, to ensure effective programme implementation.

The Center coordinates training activities with relevant institutional authorities, programme coordinators, and host organizations to align activities with existing policies, schedules, facilities, safeguarding requirements, and reporting procedures. This collaborative approach supports efficient participant mobilisation, training delivery, monitoring and evaluation, mentorship, industrial exposure, and post-training opportunities.",,,yes,yes,,,"CAD & GIS Center provides a practical pathway that connects training directly to employment, internships, freelancing, and entrepreneurship opportunities. Participants acquire industry-relevant technical and digital skills through hands-on training, practical projects, mentorship, and exposure to real-world applications.

The pathway includes:

Skills Training → Practical Projects → Mentorship → Industry/SIWES Placement → Career Support → Employment or Entrepreneurship

Participants are supported to build portfolios and demonstrate practical competence, while partnerships with academic institutions, government agencies, private-sector organisations, and industry professionals provide opportunities for workplace exposure and networking. Where appropriate, participants can progress into internships, entry-level employment, freelance work, further professional training, or starting their own businesses.

This approach ensures that programme participation is not limited to classroom learning but provides a clear transition from skills acquisition to income-generating and career opportunities.",false,true,true,true,true,true,true,AGBO SUNDAY,CEO,,,2026-09-08 13:35:29.853113+00,2026-09-15 15:42:53.709229+00
16ab3a2e-8e18-415e-b7c9-efe617e6b1e8,feab08f1-0b96-4cd5-a333-2c7b75d37c98,81e4d3e6-a12d-4761-8d1d-89057ff42ea9,IDICE-NC-KWA-0001,SUBMITTED,Kwara,Ilorin Innovation Hub Ltd/GTE,registered_entity,2025,Innovation Hub,https://iih.ng/,Adebola Oladipo,Programs Manager,07078104185,adebola.oladipo@iih.ng,"[""Kwara""]","9a Ahmadu Bello Way, GRA, Ilorin, Kwara State, Nigeria",lt_15,1089259228,20 full-time,"Ilorin Innovation Hub is governed by a 10-member Board, to which the Hub’s management reports. The Hub is led by a Managing Director/Chief Executive Officer, supported by the Director of Programs and the Programs and Operations teams. The Hub has approximately 20 full-time staff, alongside interns, NYSC members and other non-full-time personnel who support programme delivery and day-to-day operations.","[""Technology"",""Entrepreneurship""]","Ilorin Innovation Hub has a growing track record of delivering technology, entrepreneurship, startup incubation and digital skills programmes for young people, entrepreneurs and technology talent. Key programmes delivered include:
IIH Accelerator Programme: The Hub has delivered an accelerator programme supporting startups through structured programming, mentorship, ecosystem engagement and investor-facing activities. The programme culminated in a Demo Day, providing participating startups with opportunities to showcase their businesses, receive feedback and connect with relevant ecosystem stakeholders and investors.
Technical Workforce Development Programme (TWDP): IIH delivers demand-led digital skills training across Data Analysis, Digital Marketing, Video Editing/Content and Virtual Assistance. The programme runs structured cohorts combining training and practical learning, with the broader programme designed to equip approximately 400 people annually with employable digital skills.
AWS re/Start: IIH has delivered AWS re/Start training to prepare participants for entry-level cloud careers through structured technical training and practical learning. The first cohort concluded with 30 participants.
DBN Entrepreneurship Training Programme (ETP 8.0): IIH has supported the delivery of the Entrepreneurship Training Programme in partnership with the Development Bank of Nigeria, targeting MSMEs with entrepreneurship development and business growth support. The programme also provides a pathway to funding opportunities, including grants and cash prizes.
IIH Summer Tech Camp: The Hub delivered a six-day technology and innovation camp for children aged 6–16, combining hands-on learning, technology education and project development. The programme culminated in a Product/Project Showcase and Closing Ceremony, where participants presented their projects and six participants received prizes across the Junior Innovators and Young Innovators categories.
Learn2Earn: IIH has delivered an AI-focused learning programme supporting participants to develop practical software development and AI engineering skills. The programme is structured around learning, practical application and opportunities to build relevant skills for the digital economy.",,"IIH will build on its existing experience with women-focused programming and broad ecosystem outreach to achieve the 40% female and 5% NEET youth targets. Female participation will be supported through targeted outreach to women-led networks, universities, professional communities and ecosystem partners, with gender participation monitored throughout recruitment. For NEET youth, IIH will extend mobilisation beyond its existing community through youth networks, community organisations and digital channels that reach unemployed and out-of-school young people. The Hub’s free programme opportunities and accessible facilities also help reduce barriers to participation. Participation data will be tracked during application and onboarding, allowing the Hub to identify gaps early and strengthen outreach where necessary.","IIH has established working relationships with key tertiary institutions in Kwara State, including the University of Ilorin and Kwara State University. Formal MoUs with both institutions are currently in progress. Beyond the formal agreements, IIH has an established engagement channel with these institutions through previous Innovation Challenge and Hackathon roadshows, which also included other tertiary institutions across the state. These engagements contributed to the identification and onboarding of 10 ventures into IIH’s incubation and pre-incubation programmes. The University of Ilorin, KWASU and other tertiary institutions remain part of IIH’s 2026 outreach and engagement plans.","IIH will coordinate with relevant institutional structures, including entrepreneurship and innovation centres, student affairs units and alumni networks, through designated focal persons within each institution. These structures will support participant identification, programme mobilisation, information dissemination and referrals, while IIH will provide programme information, eligibility requirements, application support and engagement activities. Where appropriate, IIH will also leverage existing institutional events, entrepreneurship activities and student networks for outreach, ensuring that programme delivery complements rather than duplicates existing initiatives.",,,yes,yes,"IIH uses structured programme trackers, registration and attendance records, participant databases, feedback forms and reporting templates to monitor programme participation, engagement and outcomes. Programme data is consolidated into periodic reports to support internal decision-making, partner reporting and programme improvement.","IIH’s sustainability approach combines strategic partnerships, programme sponsorships, grants and internally generated revenue from its facilities and services. The Hub continues to build partnerships with government, development organisations, corporates and ecosystem partners to support programme delivery.","IIH’s Technical Workforce Development Programme (TWDP) provides a structured pathway from digital skills training to employment. The 12-week programme equips participants across Data Analysis, Virtual Assistance, Digital Marketing, and Content Creation & Video Editing with practical, industry-relevant skills, portfolio development and career-readiness support. Participants are then connected to employers through industry engagement and a career fair, where startups and other organisations within IIH’s ecosystem can identify and engage participants with relevant skills for employment opportunities. IIH will also tracks participants beyond programme completion to support and monitor their transition into employment.",false,true,true,true,true,true,true,Adebola Oladipo,Programs Manager,2026-10-04 14:52:20.94+00,2026-10-04 14:52:20.94+00,2026-09-29 08:42:38.720598+00,2026-10-04 14:52:20.859013+00
19502530-253b-4424-99a9-30403399681e,184482bb-620a-4713-8be1-591c939af66c,0c9b8d16-a929-4449-8cd3-1391f7175796,IDICE-NC-BEN-0001,DRAFT,Benue,Skillset Hub,,,,,,,,,[],,,,,,[],,,,,,,,,,,,,false,false,false,false,false,false,false,,,,,2026-09-15 22:48:29.050782+00,2026-09-15 22:48:29.050782+00
1ae42735-a762-4895-b7ce-86016a26c282,f3611440-62cd-4c27-bef4-77705331d06d,0c9b8d16-a929-4449-8cd3-1391f7175796,IDICE-NC-BEN-0001,DRAFT,Benue,BSU Consultancy Services Limited,registered_entity,1993,Incubators and Accelerators,facebook: Bsu consultancy Services,Iortyom Mark Varem,Managing Director,07018927998,ayakamark@yahoo.com,"[""Benue""]","Benue State University, Makurdi, Gboko Road, Walmayo, Makurdi 970101, Benue. Nigeria",lt_15,11320410-0001,full Time,"Centre Leader – Overall leadership and supervision
Legal Adviser/Secretary – Legal, regulatory, documentation and secretarial functions
Hub Coordinator – Programme coordination and day-to-day implementation
Administrative Team – Administration, records and logistics
Programme & Training Team – Training, workshops, seminars and capacity building
Innovation & Technology Team – Innovation, research, technology and entrepreneurship
Partnership & Outreach Team – Stakeholder engagement and external partnerships","[""Technology"",""Entrepreneurship"",""Research support""]","PROGRAM DELIVERY TRACK RECORD
The Rev. Fr. Moses Orshio Adasu University Innovation Hub, in collaboration with relevant University units, including the Consultancy Services and Directorate of ICT, has experience in the design and delivery of digital literacy, e-learning, ICT, entrepreneurship, and professional capacity-building programmes.
1. Mandatory University E-Learning Proficiency Course
The University delivers a mandatory 5-day E-Learning Proficiency Course for newly admitted undergraduate students.
Target Audience: Newly admitted undergraduate students.
Objective: To equip new students with essential digital literacy skills, introduce them to the University's ICT and e-learning platforms, and prepare them for hybrid and blended learning.
Delivery: Practical, hands-on training and orientation.
 The programme included the E-Learning training for new students, with Batch A commencing on 10 November 2025.
2. Public, Community and Graduate ICT Training
The Consultancy Services unit has also provided public-facing professional ICT training designed to improve employability and digital skills among secondary school graduates, job seekers, young people, and career changers.
Key areas include:
Basic Computer Skills and Internet Literacy;
Typing and Office Productivity;
Web Development — HTML, CSS, JavaScript and PHP;
Data Analytics and Statistical Computing, including SPSS and MySQL;
Introduction to Artificial Intelligence and emerging technologies.
3. Professional Certification and Corporate Training
The Consultancy Services, in collaboration with the Directorate of ICT and other relevant University units, supports technical and professional training programmes, including:
Cisco CCNA certification preparation;
CompTIA A+ certification preparation;
Oracle SQL training;
Digital literacy and productivity training;
ICT infrastructure and technology management;
Customized ICT capacity-building programmes for government, educational institutions and other organizations.
4. Community and Institutional Capacity Building
The University has also participated in digital-skills and ICT capacity-building initiatives targeted at teachers, students, graduates, public-sector personnel and members of the wider community. These programmes are designed to promote digital inclusion, employability, technology adoption, innovation and lifelong learning.","The Rev. Fr. Moses Orshio Adasu University Innovation Hub, in collaboration with the University Consultancy Services, Directorate of ICT, relevant Faculties and Departments, industry professionals, entrepreneurs, technology experts, alumni, and partner organizations, will provide a structured mentorship network for students, graduates, entrepreneurs, and programme beneficiaries.","The Rev. Fr. Moses Orshio Adasu University Innovation Hub has the institutional capacity and commitment to deliver inclusive and accessible programmes that provide equitable opportunities for young people, particularly women and NEET youth (Not in Education, Employment, or Training).
The Hub will target a minimum participation of 40% female beneficiaries and 4% NEET youth across relevant training, entrepreneurship, digital-skills, innovation, and employability programmes.
To achieve these targets, the Hub will implement the following measures:
Targeted Outreach and Mobilisation: The Hub will actively engage female youths and NEET youth through community outreach, educational institutions, youth networks, digital platforms, and relevant partner organizations.
Inclusive Participant Selection: Selection processes will be transparent and inclusive, with deliberate efforts to ensure that women and NEET youth have equitable access to programme opportunities.
Accessible Training Delivery: Programmes will be delivered through practical, participant-centred approaches using accessible physical and digital learning facilities, flexible training arrangements, and appropriate learning resources.
Mentorship and Support: Beneficiaries will have access to mentors, trainers, industry professionals, entrepreneurs, alumni, and other relevant experts to support skills development, career progression, entrepreneurship, and employability.
Partnership and Referral Networks: The Hub will collaborate with University units, government agencies, private-sector organizations, community groups, youth organizations, and other relevant stakeholders to identify, mobilise, train, and support underserved beneficiaries.
Monitoring and Accountability: The Hub will maintain participant records disaggregated by gender and beneficiary category and regularly monitor participation against the 40% female and 4% NEET youth targets. Where participation falls below the targets, additional outreach and mobilisation activities will be undertaken.
Through these mechanisms, the Innovation Hub will promote gender inclusion, youth participation, equal opportunity, digital inclusion, and access to skills and economic opportunities for underserved and vulnerable youth.","The Rev. Fr. Moses Orshio Adasu University Innovation Hub operates within the institutional framework of Rev. Fr. Moses Orshio Adasu University, Makurdi, which serves as its host institution. The Hub maintains an established working relationship with the University through collaboration with relevant University units, particularly the University Consultancy Services and the Directorate of ICT.
The relationship provides the Hub with access to institutional facilities, technical expertise, academic and professional personnel, student and graduate networks, and administrative support necessary for effective programme implementation.
The University Consultancy Services contributes experience in consultancy, professional training, community engagement, entrepreneurship, and capacity building, while the Directorate of ICT provides technical expertise and support for e-learning, digital literacy, ICT skills development, and technology-enabled programmes.
The Hub will leverage these existing institutional relationships to facilitate training delivery, mentorship, innovation activities, entrepreneurship development, digital skills acquisition, community outreach, and youth employability programmes.
This established relationship provides a strong institutional foundation for the Hub to coordinate and deliver.",,,,,,,,,false,false,false,false,false,false,false,,,,,2026-09-15 13:48:26.180027+00,2026-09-30 15:01:59.664149+00
1e069119-757d-4a74-b1a2-02d0237fab89,71f29769-15b7-48ca-b7dc-5e60e1bf9a0e,1c510fe8-ad6d-4204-84ec-7562eb5900c5,IDICE-NC-BEN-0001,DRAFT,Benue,CAD & GIS LTD,registered_entity,2003,Innovation Hub,https://www.facebook.com/profile.php?id=61562217547251,Sunday Agbo,CEO,08060234751,agbosunday99@gmail.com,"[""Niger""]",,,,,,[],,,,,,,,,,,,,false,false,false,false,false,false,false,,,,,2026-09-08 11:10:19.798698+00,2026-09-08 13:33:16.323786+00
2142ab4b-07d6-4ecd-9181-3c6b595c8bdf,ffa5236d-dbfc-4cbd-bf33-33a756bcfe1f,00605d6a-980d-406e-a669-c49fc93044cd,IDICE-NC-PLA-0001,SUBMITTED,Plateau,blucube International Ltd,registered_entity,2020,Startup Support Organisations,www.blucube.com.ng,Samuel Adebayo,Founder/CEO,09052996644,iamsamueladebayo@gmail.com,"[""Plateau""]",10 Akaila Manchunga Street behind national library. Jos Plateau State,15_30,22642085-0001,5(full time)/ 15 part time,"GOVERNANCE

Board of Directors: The ultimate authority. They protect investor interests and set the long-term vision.

Advisory Board: Non-voting industry veterans who provide strategic advice and global networking.

EXECUTIVE LEADERSHIP

CEO: Chief ecosystem builder, major fundraiser, and strategic lead.

Chief Innovation Officer (CIO): Head of the incubator, startup success, and investor relations.

Chief Tech Officer (CTO): Head of software engineering and technical architecture.

Chief Learning Officer (CLO): Head of the Tech & Creative Academy, internship placements, and R&D.

Chief Operating Officer (COO): Head of shared operations (Legal, HR, Finance).

CORE DEPARTMENTS

Incubation: Runs the startup programs, manages the co-working community, and connects founders with mentors.

Technology: Builds internal digital products and provides high-level engineering support to early-stage startups.

Creative Academy & R&D : Operates the bootcamps, funnels graduates into internships, and researches emerging tech trends.(Led by CLO): Operates the bootcamps (screenwriting, sound engineering, fashion design, Production), funnels graduates into studio projects, and researches creative trends.

Shared Operations: Keeps the lights on while providing administrative, legal, and financial support so startups can focus on building.","[""Hybrid"",""Entrepreneurship"",""Creative"",""Industry linkage""]","PROGRAMME DELIVERY TRACK RECORD & PAST COHORTS

Through a strategic focus on capacity building, digital transformation, and startup incubation, we have successfully designed, executed, and managed high-impact programs for ecosystem builders, government agencies, and corporate institutions. Our delivery model emphasizes actionable research, innovation, and sustainable consulting over theoretical training.

1. Digital Gateway Trainings

Focus Areas: Data Analysis, Enterprise Networking, Social Media Management & Digital Skills
Past Cohorts & Delivery:

* Designed and facilitated comprehensive digital upskilling programs for regional tech ecosystems, including collaborative digital skills and personal effectiveness cohorts with innovation hubs such as nhub Nigeria and bluehouse technology
* Delivered hands-on modules targeting essential digital economy skills, guiding participants through the fundamentals of data analysis for business intelligence, network infrastructure, and strategic social media management for brand scaling.
Key Outcomes:
* Equipped hundreds of MSMEs, students, and professionals with the technical fluency required to transition into the digital workforce.
* Improved operational discipline and personal effectiveness among participants, directly linking digital skills acquisition to structured goal setting and measurable business growth.

2. Hackathons & Innovation Challenges

**Focus Areas:** Rapid Prototyping, Market Access, Ecosystem Networking
Past Cohorts & Delivery:

* Played an integral role in structuring and moderating large-scale regional hackathons, including the renowned Jos Tech Fest & Hacking Independence hackathon. 

 Facilitated specialized MSME panel sessions that bridged the gap between software developers, startup founders, and industry experts.
Key Outcomes:
* Fostered robust collaborative networks, successfully connecting emerging tech talent with market access, finance, and post-event advisory.
* Accelerated the development of viable Minimum Viable Products (MVPs) by guiding technical teams through business logic, user flow architecture, and viable go-to-market strategies.

3. Startup Incubation & Founder Trainings

Focus Areas: Founder Psychology, Go-To-Market Strategy, Operational Discipline
Past Cohorts & Delivery:

Executed intensive venture-building and strategy cohorts, including *The Growth Lab* business strategy workshops hosted at Startup Lab.
* Delivered high-level executive bootcamps and team development training through the *Origo* initiative, utilizing frameworks like the GROW Model and Dilts' Logical Levels to align founder psychology with enterprise execution.
**Key Outcomes:**
* Successfully transitioned early-stage ideas into structured businesses through a ""Coach-as-Investor"" model that pairs startup advisory with leadership development.
* Graduating founders to scale their operations, secure early-stage capital, and maintain team cohesion.

4. AI Integration Workshops for NiRA**

Focus Areas: Workflow Automation, Artificial Intelligence, Administrative Efficiency
Past Cohorts & Delivery:

* Engineered and facilitated executive masterclasses on artificial intelligence and digital workflow automation for institutional stakeholders, including specialized AI workshops for the Nigeria Internet Registration Association (NiRA).
* Leveraged *The AI Workflow Playbook* curriculum to train administrative personnel, media aides, and executives on integrating AI productivity tools—such as Google Gemini, Zapier, and advanced workspace automations—into daily organizational tasks.
**Key Outcomes:**
* Empowered over 200 ecosystem leaders and administrative staff to significantly reduce manual bottlenecks by automating routine communications and logistics scheduling.
* Drove institutional digital transformation by establishing standardized, AI-assisted operational frameworks that simplified workplace tasks and increased overall organizational efficiency.","NIRA (NIGERIA INTERNET REGISTERATION ASSOCIATION)
JOS BUSINESS SCHOOL","Inclusion & Accessibility Strategy

To achieve the 40% female and 5% NEET (Not in Education, Employment, or Training) targets, Blucube International is partnering with the National Film Institute (NFI). This collaboration merges behavioral coaching with the universal appeal of digital media to drive inclusion, retention, and economic transition.

Achieving 40% Female Participation:

Creative Sector Mobilization: We will leverage NFI’s institutional network and alumni base to recruit women, framing digital skills through the attractive lens of digital media and tech-adjacent creative roles.
Targeted Mentorship: Using our *Origo* executive coaching framework, we will establish female-led peer pods mentored by NFI alumni. This combats imposter syndrome and provides visible, relatable industry role models.
Safe & Flexible Infrastructure:** Physical sessions will be hosted at NFI’s secure campus. We will deploy a hybrid, asynchronous learning model to accommodate women balancing domestic or professional responsibilities.

Achieving 5% NEET Youth Participation:**

The ""Creative Hook"": We will bypass intimidating traditional tech outreach. Instead, we will use NFI's community channels to engage unengaged youth through the accessible appeal of content creation and storytelling.
Zero-Barrier Entry: We will waive all traditional academic prerequisites. Selection will be strictly aptitude-based, focusing on curiosity and problem-solving.
Rapid Monetization Skills: The curriculum will prioritize immediately monetizable skills—such as social media management and basic digital marketing. This ensures quick entry into the local gig economy, building immediate economic confidence.
Economic Subsidization: To remove financial friction, we will provide targeted stipends for transportation and mobile data, preventing dropout due to economic constraints.

Universal Accessibility & Quality Assurance:

Inclusive Environments: NFI facilities will ensure physical accessibility for Persons with Disabilities (PWD). Training delivery will prioritize visual, practical learning over heavy technical jargon.

Agile Monitoring:** Using the GRTC (Goals, Roles, Trust, Communication) team model, we will track cohort demographics weekly. If targets are missed early, we will trigger immediate, remedial offline mobilization.","While we are formalizing our direct collaborative framework with the National Film Institute (NFI) for this specific initiative, Blucube International operates with a significant advantage: we are a recognized and trusted pillar within the regional innovation and capacity-building ecosystem. Our institutional credibility naturally accelerates alignment with NFI’s strategic goals.

1. Recognized Leadership in Ecosystem Architecture
Through our leadership roles within the Northern Incubators and Accelerators (NIA) and our delivery of major regional initiatives—such as the Plateau MSME Growth Summit and HackJos—Blucube is widely recognized by academic and public institutions as a primary catalyst for digital transformation and youth capacity development. NFI stakeholders are familiar with our footprint in bridging the gap between creative talent and digital market access.

2. Institutional Proximity & Shared Objectives
Our work in engineering strategic training programs for local government secretariats and healthcare boards across Plateau State demonstrates our proven capability to navigate, integrate with, and elevate localized institutional structures. Because our reputation centers on operational discipline, behavioral coaching, and actionable outcomes, academic institutions view us as an execution partner capable of translating their academic mandates into immediate, monetizable digital skills for their students.

3. Trust-Based Network Utilization
This established ecosystem authority allows us to bypass the friction of a cold institutional engagement. We are leveraging overlapping networks—including mutual partners in regional innovation hubs, alumni networks, and local MSME stakeholders—to build immediate operational trust with NFI faculty and administration. They recognize our capacity to absorb their creative talent and transition them into structured, sustainable digital careers.

By operating from this position of established regional credibility, we are ensuring that our coordination with NFI is rapid, frictionless, and mutually beneficial from day one.","Our program delivery model relies on deep integration with the National Film Institute’s (NFI) existing institutional architecture. Rather than operating in a silo, Blucube will embed its capacity-building frameworks directly into these four core institutional pillars to ensure long-term sustainability, seamless participant transition, and maximized impact.

1. Entrepreneurship Centres (Venture Building & Ecosystem Access)

Curriculum Integration: We will integrate Blucube’s venture-building frameworks directly into the Entrepreneurship Centre’s existing programs. Participants developing viable digital media or tech-adjacent projects will be channeled into the center for ongoing incubation.

Ecosystem Bridging: Leveraging our leadership role within the Northern Incubators and Accelerators (NIA), we will connect the institution’s Entrepreneurship Centre to a broader regional network of investors, mentors, and innovation hubs, ensuring graduating founders have access to external funding and market opportunities.

2. Career Services (Market Access & Matchmaking)

Portfolio & Pitch Readiness: We will collaborate with Career Services to transition participants from ""learners"" to ""earners."" Our training will culminate in the development of professional digital portfolios and practical pitch decks.

MSME Matchmaking: Drawing on our experience facilitating investor and business matchmaking, we will work with Career Services to map trained digital and creative talent directly to local MSMEs for micro-internships, gig work, and full-time placements, ensuring immediate economic utilization of their new skills.

3. Student Affairs (Mobilization, Welfare & Inclusion)

Targeted Recruitment: To hit our 40% female and 5% NEET targets, we will utilize the Student Affairs division's direct communication channels, campus unions, and grassroots reach to mobilize underrepresented demographics.

Retention & Psychological Safety: We will partner with Student Affairs to monitor cohort welfare. By applying our Origo coaching models (such as the GRTC team model), we will work jointly to resolve friction points—such as scheduling conflicts, campus accessibility, and stipend disbursement—ensuring a psychologically safe and supportive environment that minimizes dropout rates.

4. Alumni Networks (Mentorship & Industry Linkage)

Alumni-Led Peer Pods: We will activate the NFI alumni network to serve as industry mentors. Specifically, we will pair successful female alumni with our female participants to combat imposter syndrome and provide visible blueprints for success in the digital and creative economies.

Industry Integration: Alumni will be integrated into the program lifecycle as guest facilitators, masterclass speakers, and hackathon judges. This creates a continuous feedback loop where current industry demands directly inform our training, while simultaneously providing participants with immediate professional networking opportunities.","Our program delivery model relies on deep integration with the National Film Institute’s (NFI) existing institutional architecture. Rather than operating in a silo, Blucube will embed its capacity-building frameworks directly into these four core institutional pillars to ensure long-term sustainability, seamless participant transition, and maximized impact.

1. Entrepreneurship Centres (Venture Building & Ecosystem Access)

Curriculum Integration: We will integrate Blucube’s venture-building frameworks directly into the Entrepreneurship Centre’s existing programs. Participants developing viable digital media or tech-adjacent projects will be channeled into the center for ongoing incubation.

Ecosystem Bridging: Leveraging our leadership role within the Northern Incubators and Accelerators (NIA), we will connect the institution’s Entrepreneurship Centre to a broader regional network of investors, mentors, and innovation hubs, ensuring graduating founders have access to external funding and market opportunities.

2. Career Services (Market Access & Matchmaking)

Portfolio & Pitch Readiness: We will collaborate with Career Services to transition participants from ""learners"" to ""earners."" Our training will culminate in the development of professional digital portfolios and practical pitch decks.

MSME Matchmaking: Drawing on our experience facilitating investor and business matchmaking, we will work with Career Services to map trained digital and creative talent directly to local MSMEs for micro-internships, gig work, and full-time placements, ensuring immediate economic utilization of their new skills.

3. Student Affairs (Mobilization, Welfare & Inclusion)

Targeted Recruitment: To hit our 40% female and 5% NEET targets, we will utilize the Student Affairs division's direct communication channels, campus unions, and grassroots reach to mobilize underrepresented demographics.

Retention & Psychological Safety: We will partner with Student Affairs to monitor cohort welfare. By applying our  coaching models (such as the GRTC team model), we will work jointly to resolve friction points—such as scheduling conflicts, campus accessibility, and stipend disbursement—ensuring a psychologically safe and supportive environment that minimizes dropout rates.

4. Alumni Networks (Mentorship & Industry Linkage)

Alumni-Led Peer Pods: We will activate the NFI alumni network to serve as industry mentors. Specifically, we will pair successful female alumni with our female participants to combat imposter syndrome and provide visible blueprints for success in the digital and creative economies.

Industry Integration: Alumni will be integrated into the program lifecycle as guest facilitators, masterclass speakers, and hackathon judges. This creates a continuous feedback loop where current industry demands directly inform our training, while simultaneously providing participants with immediate professional networking opportunities.

By utilizing these existing structures, we ensure that the capacity developed during the program remains institutionalized, leaving behind a stronger, more interconnected ecosystem long after the cohort concludes.","Beneficiary Identification & Referral Strategy
To guarantee high-quality cohort selection and successfully meet our inclusion targets (40% female, 5% NEET), Blucube will deploy a hybrid recruitment pipeline. This strategy merges the internal academic infrastructure of the National Film Institute (NFI) with our expansive regional ecosystem network through the Northern Incubators and Accelerators (NIA).

1. Internal Institutional Referrals (NFI Pipeline)

Faculty & Departmental Talent Spotting: We will utilize the previously engaged NFI faculty and Student Affairs officers as our primary referral agents. Faculty members will be briefed on our specific beneficiary profiles, enabling them to identify and refer students who demonstrate high creative aptitude but lack structured digital skills or market access.

Targeted Campus Syndicates: To drive female recruitment, we will directly solicit referrals from female-led student unions, creative clubs, and NFI alumni networks, ensuring outreach occurs in spaces where young women already possess established trust.

2. External Ecosystem & Grassroots Mobilization (NEET Pipeline)

Innovation Hub Network: Leveraging Blucube’s leadership role within the NIA, we will activate regional innovation hubs (such as bluehouse technology and JBS) to refer youth who are adjacent to the tech ecosystem but lack formal education or structured training.

Community-Based Referrals: To reach the 5% NEET demographic, traditional digital marketing is insufficient. We will establish formal referral pipelines with local community leaders, religious centers, and women’s cooperatives. These localized stakeholders will act as trust-brokers, identifying unengaged youth and referring them into our entry-level digital skills tracks.

3. Frictionless, AI-Assisted Intake System

Automated Referral Portals: Utilizing our AI Workflow Playbook strategies, we will deploy a simplified, automated digital intake portal. NFI staff, hub managers, and community leaders will be given unique access to instantly log beneficiary referrals, triggering an automated onboarding and communication sequence via SMS and WhatsApp.

4. Aptitude & Behavioral Screening

Zero-Barrier Assessment: For referred NEET candidates, we will strictly waive traditional academic prerequisites. Identification will not rely on CVs or past credentials.

Psychological Profiling: During the final selection phase, we will utilize behavioral assessment principles derived from our Origo coaching framework. Instead of testing for existing technical knowledge, our screening will evaluate baseline curiosity, resilience, problem-solving capabilities, and collaborative potential (via the GRTC team model).

By combining trusted institutional gatekeepers with localized community networks and automated intake workflows, we ensure that every beneficiary identified is accurately vetted, supported, and positioned for success from day one.",yes,no,"We track our incubation programs using a mix of automated tools and direct human feedback. This keeps our data organized while helping us support founders in real time.

1. Data Collection & Organization**
We automate onboarding, attendance, and basic data entry using tools like Google Workspace and Zapier. Every startup gets a secure, central digital file that tracks their progress, milestones, and mentorship notes in one place.

2. Tracking Startup Progress & Team Health**
We focus on practical results rather than vanity metrics. Using the GROW model, we track real milestones like product launches and customer acquisition. We also actively monitor team dynamics (Goals, Roles, Trust, Communication) to catch and fix co-founder conflicts before they derail a project.

3. Continuous Feedback Loops
Every two weeks, we run a simple ""Start, Stop, Continue"" feedback session with participants. If a teaching method isn't working, we adjust it immediately rather than waiting for the program to end. We also track our inclusion targets (like 40% female participation) weekly so we can step up our outreach if numbers dip.

4. Clear Reporting for Partners
We provide our partners and funders with straightforward monthly reports. These reports highlight the hard numbers—attendance, retention, and products built—alongside clear insights into how the teams are growing and what kind of support they will need after the program ends.","Sustainability Plan & Revenue Diversification
To ensure the long-term viability of our incubation programs beyond initial funding cycles, we have built a sustainability model focused on cost-neutrality, ongoing service fees, and strategic partnerships.

1. The ""Coach-as-Investor"" & Equity Model
Rather than relying solely on grants, we integrate a micro-angel investment approach. By acting as a ""Coach-as-Investor,"" we provide high-level leadership development and advisory services in exchange for small equity stakes or revenue-share agreements with the most promising startups that graduate from our programs.

2. Corporate & Institutional Training Fees
We cross-subsidize our youth and early-stage incubation efforts through our corporate consulting arm. We generate steady, diversified revenue by delivering paid executive masterclasses, AI workflow optimization training, and capacity-building programs for government agencies, hospitals, and corporate clients across Plateau State.

3. Annual Technical Support & Alumni Subscriptions
Sustainability is tied to post-incubation support. We generate recurring revenue through:

Annual Support Contracts: Charging modest retainer fees to local MSMEs and institutions for ongoing technical support, workflow automation, and digital advisory services.

Alumni Access: Offering tiered, subscription-based access to our advanced business tools, premium masterclasses, and exclusive matchmaking events for program graduates.

4. Strategic Ecosystem Partnerships
We diversify our resource base by securing exclusive partnerships with tech vendors, service providers, and regional hubs (like the Northern Incubators and Accelerators). These partnerships provide subsidized access to software, venues, and tools, significantly lowering our operational overhead while maintaining high program quality.","Pathway to Employment

We transition participants from learners to earners through two practical, results-driven tracks:

1. Employability Track (Direct Hiring & Gig Work)

Skill-to-Market Matchmaking: We use our corporate network and partnerships (like the Northern Incubators and Accelerators) to connect graduates directly with local MSMEs and institutions for micro-internships, freelance gigs, and full-time roles.

Portfolio Building: Participants graduate with a digital portfolio proving they can execute immediately monetizable tasks, such as social media management, data analysis, and AI workflow automation.

2. Entrepreneurship Track (Startup & Venture Building)

Product & Pitch Readiness: We guide early-stage founders from idea to a working Minimum Viable Product (MVP), equipping them with practical pitch decks and go-to-market strategies.

Funding & Ecosystem Access: We directly connect founders with local investors and grant opportunities through our ""Coach-as-Investor"" network and regional innovation hubs.

Long-Term Aftercare: We do not just train and leave. Graduates receive 6 to 12 months of structured, post-program support through our MSME Advisory Desk to ensure their new businesses survive and scale.",false,true,true,true,true,true,true,SAMUEL ADEBAYO,FOUNDER/CEO,2026-09-17 18:08:20.218+00,2026-09-17 18:08:20.218+00,2026-09-16 11:31:22.452463+00,2026-09-17 18:08:19.653155+00
254b2e39-9f1d-49e2-bf08-f10d1e3a0e99,edd1d3d9-603d-49bf-ba46-1fb290f15b62,04e34081-9746-4d77-a729-c21c75147b8b,IDICE-NC-FCT-0001,DRAFT,FCT,fghjk,other,2022,Startup Support Organisations,,weruiop,dfgjhkl,098123,businessdev@wootlab.ng,"[""FCT""]",ewruiop,lt_15,1234567890,26,opsdgfjhkl;eyrutiop,"[""Technology""]",wreruiop[,asfdgfjhkl;dgfhjkl;rtyuio,serdthygjukioreyuio,qweruiodshsd,ewuiosdjh,etryuiopsdghsdgygyj,awersdtyuiosdhd,yes,yes,,,sdfgjhkl;,true,true,true,true,false,false,false,,,,,2026-09-25 08:51:18.759672+00,2026-09-25 10:36:13.933742+00
2831e7f0-4ab1-423f-abf8-0fe27f5945d9,34fb5a2e-279a-4724-a4f9-317c1a162785,e1012e27-3058-4443-85c2-2eec0ee79a76,IDICE-NC-NAS-0001,DRAFT,Nasarawa,SHIELD FOR WOMEN AND YOUTH EMPOWERMENT FOUNDATION (SWYEF),registered_entity,2020,Startup Support Organisations,https://www.facebook.com/share/g/19ZheTAbAv/,HON. MARY ENWONGULU,EXECUTIVE DIRECTOR,+2348036255203,swyefngo@gmail.com,[],"No.8 Abdullahi Adamu Estate, Behind Federal Mortgage Bank, Lafia LGA, 
Nasarawa state",15_30,,,,[],,,,,,,,,,,,,false,false,false,false,false,false,false,,,,,2026-09-15 12:53:23.158654+00,2026-09-15 13:49:38.127586+00
2974ea1e-726e-468a-bedd-ec83d95fa62d,12df8dea-9331-4211-bc0a-146cb2d5e881,0c9b8d16-a929-4449-8cd3-1391f7175796,IDICE-NC-BEN-0001,DRAFT,Benue,House of Hilkiah Foundation,registered_entity,2017,Startup Support Organisations,Https://www.facebook.com/HouseofHilkiahFoundation,Dorothy Akende,Executive Director,08039720962,houseofhilkiahfoundation@gmail.com,"[""Benue""]",,,,,,[],,,,,,,,,,,,,false,false,false,false,false,false,false,,,,,2026-09-03 18:37:07.493357+00,2026-09-03 18:42:55.91841+00
2c915a62-2450-40f9-a27c-844300fc610a,dc4b5692-3b6b-4b1a-9fe6-64b3fa1f5a54,e1012e27-3058-4443-85c2-2eec0ee79a76,IDICE-NC-NAS-0001,SUBMITTED,Nasarawa,02INNOVATIONS LAB NIG. LTD,registered_entity,2022,Innovation Hub,https://www.02innovationslab.com/,Tasiu Kwaplong Saeed,Hub Manager,09031514346,tasiukwaplong@gmail.com,"[""Nasarawa""]","Plot 160 AJ Ahmadu Plaza, custom Line Makurdi Road, Lafia Nasarawa state",gt_60,31116779-0001,"5 full-time, 8 part-time","The leadership structure is headed by the CEO & Hub Manager, supported by a Virtual Assistant and the Chief Operations Officer (COO).

The COO oversees three main divisions:
-Programs & Community Division – led by the Programs Manager, with the Community Manager and Communications function.
- Training & Talent Development Division – led by the Training Coordinator, supported by facilitators and software development personnel.
- Administration & Finance Division – responsible for finance and front-desk/administrative functions.

Overall, the structure places the CEO at the strategic leadership level, while the COO manages day-to-day operations across programs, training, administration, and finance.","[""Technology"",""Entrepreneurship"",""Creative""]","Founded in June 2022 in Lafia, Nasarawa State, 02 Innovation Lab is an accredited technology hub that has trained, mentored, and impacted over 30,000 young individuals, entrepreneurs, and tech talents across Nasarawa state and Northern Nigeria. Our track record spans national digital skills training, incubation, and ecosystem building:
National Technical & Vocational Training Programs:
3MTT Program: Sole accredited Applied Learning Centre in Lafia for the Federal Ministry of Communications, Innovation & Digital Economy / NITDA 3MTT initiative, training 2,000+ technical fellows.
TVET Skills Initiative: Accredited NBTE training centre delivering ICT and vocational skills with the Federal Ministry of Education.
Community Upskilling & Ecosystem Events:
Organized 30+ Google Developer Group (GDG) events for 15,000+ participants in Lafia and Keffi.
Co-hosted FULafia Ideathon reaching 8,000 participants and annual Women Techmakers events empowering 2,500+ female leaders.
Hosted AI/data workshops as an active Data Science Nigeria (DSN) Community Hub Partner.
Startup Incubation & Product Acceleration:
Incubated startups such as MobileCBT (offline testing app in secondary schools) and easybuy4me (secured seed funding).
Designed the Kirkira AI Incubation Framework for Nasarawa Innovation Week and placed 11th nationwide in the NCC ICT Digital Innovation Challenge 2023.
Internships & Employability Pipelines:
Placed 75+ fellows through the Nigeria Jubilee Fellowship Program (UNDP/FG).
Host hub for National Hybrid SIWES with ISN and Labspace, training 1,000+ tertiary students across 20+ institutions.","02 Innovation Lab maintains an integrated ecosystem across government, academia, industry, and global technical networks to provide robust mentorship, resources, and investor access for entrepreneurs and tech talent.

Category
Key Partners & Network Organizations
Government & International Agencies
• Federal Ministry of Education (NBTE & TVET)
• NITDA (3MTT & iHatch)
• UNDP & Federal Government of Nigeria (NJFP)
• Nigerian Communications Commission (NCC)
• Technology Incubation Centre (TIC), Lafia
Hub & Innovation Networks
• Innovation Support Network (ISN Hubs Nigeria)
• Network of Northern Nigeria Incubators & Accelerators (NNIA)
• Northern Founders Community (NFC Hub Partner)
• Verified ESO on Startup.gov.ng
Academic & Research Institutions
• Federal University of Lafia (Faculty of Computing & DVC Innovations)
• Isa Mustapha Agwai Polytechnic (IMAP), Lafia
• 20+ Tertiary Institutions nationwide
Tech & Community Networks
• GDG Lafia & Keffi | Women Techmakers (WTM)
• Data Science Nigeria (DSN)
• Financial Services Innovators (FSI)
• DevEnt Community (1,000+ active members)
Industry & Corporate Partners
• Labspace Nigeria (JD Lab)
• Regional Educational Institutions (Yumaco, Sandaji College)","We have a community of female in Nasarawa state - WTM (Women tech Makers), we have also been in a collaboration with the board for people with disability. Additionally, collaborating with the institution, will also go a long way in bring us closer to meeting the targetof inclusion and accessibility","We currently have a collaboration to accept their students for Internship (SIWES)
We are both member organizations in TVET Nasarawa state chapter",- SIWES Directorate,"Having an already established presence, we will be going through the register's office and then working alongside assigned office to help drive registration and other required deliverables",Beneficiaries will be selected after a call for application is sent out a;ongisde a manual applicant upload via the school/different student body,yes,no,"O2 Innovation Lab deploys a multi-tiered Monitoring, Evaluation, and Learning (MEL) architecture designed to capture end-to-end beneficiary lifecycles and venture growth metrics while ensuring alignment with donor compliance and national data protection standards.Data Collection & Tracking: We deploy custom KoboToolbox forms and Google Workspace workflows alongside our Learning Management System (LMS) dashboards to log attendance, learner assessments, and milestone completions in real time. For incubation cohorts (such as iHatch, Idice startup bridge, and Pitchstar), we utilize Notion and Airtable pipelines to monitor diagnostic reviews, product validation milestones, advisory sessions, and mentor feedback.  Aggregator Portal Integration: In direct compliance with the iDICE project framework, all verified training and incubation data feeds into the Aggregator Portal to support routine MEL reviews and track institutional Key Performance Indicators (KPIs).  Quality Assurance & Verification: Our MEL team conducts bi-weekly data spot-checks and audits to prevent duplicate entries and maintain database integrity, backing our 100% financial retirement compliance across quarterly reporting cycles.  Safeguarding & Data Protection: All participant data is gathered and stored in full compliance with the Nigeria Data Protection Act (NDPA/NDPR). Databases use encrypted storage, role-based permissions, and anonymized identifiers. A secure, confidential reporting line is maintained alongside our Grievance Redress Mechanism (GRM) to track and resolve safeguarding and anti-harassment/GBV concerns safely.","To ensure the Centre of Excellence (CoE) remains viable beyond sub-award funding and achieves institutional handover by Year 3, O2 Innovation Lab implements a four-pillar sustainability framework:  Commercial Hub Services: Leveraging the CoE infrastructure, O2 Innovation Lab will offer paid co-working spaces, private meeting suites, and rapid digital prototyping access to local MSMEs and independent tech professionals during off-peak and weekend hours.  Corporate & B2B Innovation Services: We deliver paid corporate digital upskilling workshops, executive tech training, hackathon organization, and talent sourcing services to regional enterprises, generating earned revenue reinvested into hub operations.  Ecosystem Sponsorships & Demo Days: We secure recurring sponsorships and challenge prizes from regional telecom, fintech, and creative media brands for hackathons, innovation challenges, and Demo Days.  Institutional Handover & Technology Transfer: Collaborating with host institution leadership, we establish a joint sustainability committee to embed the CoE into recurrent university budget lines, structure alumni endowment circles, and operationalize technology transfer frameworks (IP commercialization and licensing) for student and faculty research outputs.","02 Innovation Lab deploys a structured, stage-gated pathway to achieve the iDICE target of transitioning at least 80% of beneficiaries into formal, freelance, or self-employment within 6–12 months:  Months 1–3 (Foundational & Developmental Upskilling): Intensive digital/creative technical bootcamps combined with soft skills training (workplace etiquette, professional communication, remote tools, and personal branding).  Months 4–5 (Practical Sprints & Apprenticeships): Trainees participate in live corporate project sprints, open-source development, and enterprise-sponsored capstone challenges evaluated directly by industry practitioners.  Month 6 (Vetting & Placement Preparation): Beneficiaries build verified portfolios (GitHub, Behance, Figma) and undergo technical mock interviews.Post-Program Placement Channels:Corporate Hiring: Direct matching into graduate internships, apprenticeships, and entry-level placements facilitated by pipeline partnerships, including the Nigeria Jubilee Fellows Programme (NJFP).  
Remote & Freelance Desks: Hands-on acceleration to onboard and monetize talent on global platforms (Upwork, Fiverr) and remote sourcing networks.  Venture Creation: Incubated startup founders transition into structured acceleration, investor pitch sessions, and formal business registration.",false,true,true,true,true,true,true,Tasiu Kwaplong Saeed,CEO & Hub Manager,2026-09-15 20:41:45.414+00,2026-09-15 20:41:45.414+00,2026-09-12 17:06:49.213949+00,2026-09-15 20:41:46.059581+00
2db0ff67-1b4e-4c3c-8dd1-87dd08def1e9,1fb7bfd2-71de-4e4f-884f-d090072a9ac7,e1012e27-3058-4443-85c2-2eec0ee79a76,IDICE-NC-NAS-0001,DRAFT,Nasarawa,JME General Engineering Services Ltd,registered_entity,2021,Innovation Hub,https://www.facebook.com/profile.php?id=61594012791435,James Enwongulu,Engineer,09014141351,Umbugadu90@gmail.com,"[""Nasarawa""]",N0 8 Abdullahi Adamu housing Estate,lt_15,32922908-0001,,,[],,,,,,,,,,,,,false,false,false,false,false,false,false,,,,,2026-09-15 12:14:50.745378+00,2026-09-15 13:08:42.388583+00
30941efe-b75d-4bb8-bb31-faa6b91e346f,78def931-06f0-4380-b208-314f89a67737,530c10b5-061b-4b89-946e-adc1f59d9e2f,IDICE-NC-KOG-0001,SUBMITTED,Kogi,Kogi Innovation Hub,registered_entity,2025,Innovation Hub,https://kinhub.ng,ItopaKing David,Managing Director,08078915533,itopakingdavid@gmail.com,"[""Kogi""]","Plot C7-22 Pegi Housing Estate Kuje.

Above is our official register administrative address, we implement programmes in Kogi State based on the needs per programme while still in conversation with the Kogi State Ministry of Innovation, Science and Technology to manage the state owned digital centers.",15_30,2623729602968,"4 Full-time, 6 part-time","1. Board of Trustees/Directors (oversight, not day-to-day)
2. Advisory Board (no voting rights)
3. Executive/Management Team (day-to-day operations)
4. Working Committees (cross-functional, pull in advisors/volunteers)

ItopaKing David is part of the Executive Team operating as the Executive Director, Strategy & Content Lead.

Mustapha Abdulrahman is also part of the team as our Programs Lead","[""Technology"",""Creative"",""Entrepreneurship"",""Hybrid""]",We have previously partnered with Farm2Table DIH to deliver Digital Skill for Entrepreneur programme by GIZ,"Google Developer Group Lokoja, Farm2Table Digital Innovation Hub","40% Female Participation
Recruitment channel design: Partner directly with women-led community groups, market associations, and faith-based women's fellowships in Lokoja and confluence-region LGAs — these reach women who never see a generic flyer or social post.
Female-led outreach: Deploy female mentors, facilitators, and past female participants as the face of recruitment campaigns; testimonials from women who've been through KIN Hub programs convert better than institutional messaging.
Structural removal of barriers: Schedule sessions around caregiving hours, offer childcare support or a stipend for it during in-person events, and ensure venues are safe and accessible.
Quota-anchored selection: Build the 40% floor into the selection rubric itself (not an aspiration) — reserve a fixed share of cohort slots for women and track fill-rate weekly, not just at the end.
Track-specific appeal: Highlight tracks with historically strong female uptake (e.g., fintech, edtech, social enterprise, creative/design) in outreach materials without excluding women from harder-tech tracks.
5% NEET Youth Inclusion
Lower the entry bar deliberately: Create a distinct on-ramp track (pre-bootcamp orientation, digital literacy primer) rather than expecting NEET youth to compete directly against university-affiliated applicants.
Community gatekeepers: Work through ward-level youth leaders and local government youth desks who already know who's out of school/work/training in their communities — this is more reliable than open calls.
Incentive alignment: Offer transport stipends or a completion allowance; NEET youth face the highest opportunity cost of participating unpaid.
Track and report separately: Report NEET numbers as a distinct line item, not folded into general ""youth reached"" figures.","We currently don't have an existing relationship with the option of centers available in Kogi state but based on our work in Kogi state and also previous interaction with other institutions in the state, we are confident that we would find a mutual grounds to work hand in hand with any assigned center of excellence in the state.","We have a strong network and working relationship with all the major players in the state. We're are currently working with these existing institutions toward our three phased programme ( Kogi Innovation Hackathon, an Incubation Programme and Kogi Tech Week).",We intent on have a two to three series of introductory and formalization meeting with faculty in other to align our-self with the procedures and processes needed to achieve our target. As well as look into remuneration and accord both parties what is due.,"Youth Network, Women Association and target groups where we can source beneficiaries, we would also work with the host school community in other to get their beneficiaries onboarded.",yes,yes,"We are open to use the tools approved for the purpose of monitoring, reporting and data management by the consortium.","Training, Grants, and Development Partners.","Considering the unique ecosystem we are currently working in which is Kogi State, we plan on have a startup career counselling/employment job board of which we will manage by having private companies send in their needs for interns and various employment offers available to fill in their company. We would the use our internal assessment of these candidates who have gone through our trainings to shortlist best for these opportunities for hire.

We are also looking at working with SMEDAN and the Ministry of Youth as an empowerment partner to fund grants or micro loans so some of the trains participants can access and startup business withing their skills/service area to deliver and in turn generate revenue.",false,true,true,true,true,true,true,ItopaKing David,Managing Director,2026-09-15 09:47:56.492+00,2026-09-15 09:47:56.492+00,2026-09-04 10:02:15.070025+00,2026-09-15 09:47:57.146506+00
323d4c6d-5d86-42e8-b412-420dea3e39de,af99cf86-db61-482e-b874-9cb7241395a8,530c10b5-061b-4b89-946e-adc1f59d9e2f,IDICE-NC-FCT-0001,SUBMITTED,FCT,gggg,registered_entity,77777,Innovation Hub,,Chimdindu Uzowulu,mr,09030428141,chimdindu73@gmail.com,"[""Kogi"",""Kwara""]",hnhh,15_30,8888888888,hh,jjjj,"[""Creative""]",hhhhhh,hhhhhh,hhhhhh,jjjjjjj,nnnnnnnn,nhnnnn,jjjjjjj,yes,yes,",,,,,,nnnnnn",nmmmm,nnnnn,false,true,true,true,true,true,true,kkkkk,mmmm,2026-09-03 15:20:05.088+00,2026-09-03 15:20:05.088+00,2026-08-31 21:17:02.377187+00,2026-09-03 15:20:05.499662+00
344fb1a4-ae93-4b88-b468-cf6831f097bb,2db5feda-ea4c-414f-8ad7-932c3b995361,00605d6a-980d-406e-a669-c49fc93044cd,IDICE-NC-PLA-0001,DRAFT,Plateau,A+ Computer I.T Academy,registered_entity,2016,Incubators and Accelerators,,Uzziah Ussaini Musa,General Manager,09033354849,apluscomputeritacademy@gmail.com,"[""Plateau""]","16, Tudun Wada Road, Opposite Plateau State Water Board Staff Quarters, Jos",lt_15,,,,[],,,,,,,,,,,,,false,false,false,false,false,false,false,,,,,2026-09-12 11:22:16.415149+00,2026-09-12 11:46:32.411911+00
34518417-9be0-4292-a174-dae71d11e7e8,704d5fad-5261-48b8-9d2a-423fa06e917c,0c9b8d16-a929-4449-8cd3-1391f7175796,IDICE-NC-BEN-0001,SUBMITTED,Benue,Gogetit Investments Limited,registered_entity,2008,Startup Support Organisations,https://www.facebook.com/Gogetitng,Orkuma Hembe,Managing Director,08036576494,orkumahembe@gmail.com,"[""Benue""]","1. No 1 opposite customary court, Wurukum Makurdi Benue State.",lt_15,0926154-0001,18,"Governance Structure
Our Training Centre operates under a clear and accountable governance structure designed to ensure effective management, quality training delivery, transparency and continuous improvement.
1. Board/Management Committee: Provides strategic direction, approves policies, oversees performance, finances and compliance.
2. Centre Director/Head of Training: Provides overall leadership and is responsible for implementing the Centre’s strategic objectives, managing operations and ensuring quality service delivery.
3. Training and Curriculum Unit: Responsible for training programme design, curriculum development, facilitator coordination, delivery and evaluation.
4. Administration and Finance Unit: Manages admissions, records, logistics, procurement, budgeting, financial reporting and general administration.
5. Quality Assurance and Monitoring Unit: Ensures training standards are maintained through participant feedback, trainer evaluation, programme reviews and continuous improvement.
6. Business Development and Partnerships Unit: Identifies start-up ecosystem opportunities, builds partnerships and supports outreach, recruitment and sustainability.
All units will operate with defined roles, reporting lines and performance targets, with regular management meetings and documented reporting to promote accountability, professionalism and effective decision-making.","[""Hybrid"",""Entrepreneurship"",""Technology""]","We have on our clientele base
1. NITDA 3MTT
2. Nirsal MFB
3. FGN Amnesty office
4. Central bank of Nigeria.","1. Canadian Skill Development Council
2 Institute of Business Development","We will actively target and support the participation of at least 40% women and 5% NEET youth through inclusive outreach, accessible recruitment, and targeted support.

For women, we will partner with women-led organizations, community groups, schools, and local networks to promote opportunities and encourage applications. We will provide flexible training schedules, safe and inclusive learning environments, mentorship, and practical support to address barriers to participation.

For NEET youth, we will work with community leaders, youth organizations, employment centers, and social networks to identify and reach eligible young people. Outreach will prioritize underserved and vulnerable youth, with clear information on eligibility and benefits.

Our recruitment and selection processes will be transparent and non-discriminatory. Participation data will be disaggregated by gender and youth status and reviewed regularly to track progress against the 40% female and 5% NEET targets. Where participation falls below targets, we will intensify targeted outreach and engagement.","We have established and maintain positive relationships with Benue State University Makurdi through previous engagements, professional collaborations, and ongoing communication. These relationships provide a strong foundation for effective coordination and implementation of planned activities.
Our engagement with BSU has included consultations, knowledge sharing, participation in institutional activities, and collaboration on initiatives of mutual interest. Through these interactions, we have developed a good understanding of institutional structures, priorities, and operational requirements.
These existing relationships will facilitate smoother communication, timely access to relevant stakeholders and facilities, and effective coordination throughout the implementation of the proposed activities.","The project will be implemented in close coordination with our existing institutional structures, including entrepreneurship centres, career services, student affairs offices, and alumni networks. These structures will provide valuable support in mobilising participants, communicating project activities, identifying relevant stakeholders, and facilitating access to students and graduates.","Institutional staff and faculty will be actively engaged throughout the project to ensure effective coordination, participation, and sustainability.  We have already identified relevant staff based on their roles and expertise and will invited to contribute to project planning, participant mobilisation, implementation, and monitoring.","Beneficiaries will be identified through a transparent and inclusive process, working closely with institutional structures such as entrepreneurship centres, career services, local media networks, youth and women organisations.  Priority will be given to students and young people who demonstrate an interest in entrepreneurship, employability, skills development, or who may benefit from additional career and professional support.
Information about the programme, eligibility criteria, and application process will be shared through institutional communication channels, student networks, faculty referrals, and relevant community platforms. Interested individuals will be invited to express their interest or complete a simple application process.
Where appropriate, institutional staff and faculty will refer potential beneficiaries based on identified needs, interests, and suitability for the programme. Referrals will be handled fairly and confidentially, with clear criteria applied consistently to all participants.
The identification process will aim to ensure diversity, inclusion, and equal access, particularly for individuals who may have limited access to similar opportunities. Selected beneficiaries will receive clear information about the programme and the support available to them.",yes,yes,"Project activities were monitored through attendance records, participant feedback, progress tracking, activity reports, and regular reviews against agreed targets and indicators. Beneficiary and project data was securely collected, stored, and managed using appropriate digital tools, with access limited to authorised personnel and reports prepared regularly to support accountability and informed decision-making.","We will promote long-term sustainability through partnerships with institutions, private-sector organizations, alumni networks, and other stakeholders who can provide financial, technical, and in-kind support beyond the initial funding period. Revenue diversification will include training and capacity-building services, strategic partnerships, sponsorships, grants, and other income-generating activities aligned with the project’s objectives.","Participants will receive practical skills training, career guidance, mentorship, and opportunities to connect with employers and industry professionals, preparing them for internships, job placements, and self-employment. We will also facilitate referrals to relevant employers, career networks, entrepreneurship opportunities, and follow-up support to help participants transition from training into sustainable employment.",false,true,true,true,true,true,true,Orkuma hembe,MD/CEO,2026-09-15 15:32:46.569+00,2026-09-15 15:32:46.569+00,2026-09-15 13:47:04.702335+00,2026-09-15 15:32:46.443394+00
40bb8bfa-f790-4650-9abb-4d0d220508ce,0d6e1206-4884-4a1e-942d-5dca8e56390a,04e34081-9746-4d77-a729-c21c75147b8b,IDICE-NC-FCT-0001,DRAFT,FCT,yushaa Lalitah limited,registered_entity,2025,Startup Support Organisations,https://www.lalitah.com/. https://www.instagram.com/lalitah_ng/.  https://www.instagram.com/lalitahmarket/,Aisha Abubakar,Founder/ CEO,08035415299,aishafalkee@gmail.com,"[""FCT""]",,,,,,[],,,,,,,,,,,,,false,false,false,false,false,false,false,,,,,2026-09-09 16:48:05.923097+00,2026-09-09 16:54:34.576167+00
4c6e6722-cb14-44d8-b1a2-bfe653ee27d2,0a801c3f-ab76-47e8-a412-23426305aa66,00605d6a-980d-406e-a669-c49fc93044cd,IDICE-NC-PLA-0001,DRAFT,Plateau,BLOCKFUSE LABS,registered_entity,2024,Innovation Hub,https://blockfuselabs.com,ADAAKU PETER,CO-FOUNDER / CEO,08025463838,peter@blockfuselab.com,"[""Plateau""]","Former Limca House Along Peakfield Academy, Favwei, Rayfield Rd, Jos 930103, Plateau State",,,,,[],,,,,,,,,,,,,false,false,false,false,false,false,false,,,,,2026-09-11 13:10:57.539371+00,2026-09-11 14:11:07.284218+00
4dbbdb5e-5e8a-4a75-9055-c2b9e5bef429,48976295-240c-403a-a161-c521daaed85b,04e34081-9746-4d77-a729-c21c75147b8b,IDICE-NC-FCT-0001,SUBMITTED,FCT,Engee Ecodesigns Limited,registered_entity,2022,Startup Support Organisations,www.engee.ng,Grace George,Founder,07065770178,gracegeorge500@gmail.com,"[""FCT""]",New Kuntuku Layout Along Federal Inland Revenue Gwagwalada Abuja,gt_60,328292230001,"3,3","Engee Ecodesigns Limited operates with a clear management and governance structure that supports accountability, effective decision-making and responsible programme delivery.

The Founder and CEO provides overall strategic leadership, business oversight and stakeholder engagement, and is responsible for ensuring that organisational goals and programme commitments are achieved. The operations and programme functions support day-to-day implementation, including training coordination, beneficiary engagement, production activities, partnerships and reporting.

For programmes and enterprise-support activities, responsibilities are assigned to designated team members based on their expertise, with clear supervision and defined deliverables. Financial and administrative activities are managed through documented processes, including budgeting, record keeping, expenditure tracking and reporting.

The organisation also works with consultants, trainers and technical personnel where specialised expertise is required. Key decisions are reviewed by management to ensure alignment with organisational objectives, safeguarding requirements, gender inclusion, environmental and social considerations, and applicable laws and policies.

Engee maintains accountability to partners and beneficiaries through activity documentation, monitoring of outputs and outcomes, financial records, and periodic reporting. This structure enables the organisation to manage partnerships, deliver training and enterprise-support activities, monitor performance and continuously improve its programmes.","[""Entrepreneurship""]","Engee Ecodesigns Limited has practical experience designing and delivering skills development, entrepreneurship and circular-fashion programmes for young people and women, particularly within underserved communities.
Since our establishment in 2021, we have trained and reached more than 300 young people and women through hands-on activities focused on upcycling, fashion design, product development, entrepreneurship and sustainable livelihood opportunities. Our approach combines practical learning with real-world production, enabling participants to develop skills that can be applied to income-generating activities and employment.
Our programmes have included practical demonstrations, guided production sessions, mentoring and business-oriented learning. Participants are exposed to the full process from identifying and preparing post-consumer textile waste to developing marketable fashion and lifestyle products, while also learning about product development and entrepreneurship.
Engee has also implemented activities through partnerships and ecosystem programmes, including engagements supported by organisations such as We For Good Foundation/IHS Sustainable Solutions Africa, Amahoro Coalition, NCIC and YALI. These experiences have strengthened our capacity in programme coordination, participant engagement, partnership management, documentation and reporting.
Our delivery model is practical, inclusive and community-oriented. We are experienced in working with young people and displaced and underserved communities and understand the importance of accessible training, mentorship, safeguarding and follow-up support. We intend to build on this experience to deliver structured enterprise support, mentorship and creative skills development under the Wootlab programme.","Engee Ecodesigns Limited has developed relationships across the entrepreneurship, sustainability, fashion and youth-development ecosystem through participation in structured programmes, partnerships, training opportunities and industry engagements.

Through programmes and networks including the Amahoro Coalition Fellowship, IHS Sustainable Solutions Africa/We For Good Foundation, NCIC and YALI, Engee has gained access to mentors, business development support, peer networks and ecosystem stakeholders. These engagements have provided opportunities for strategic guidance, learning, partnerships and exposure to organisations working across entrepreneurship, sustainability and inclusive economic development.

Our industry network also includes relationships within the fashion and creative sector, particularly around sustainable fashion, product development, textile waste management and skills development. We engage with customers, creatives, suppliers, community stakeholders and organisations that provide opportunities for collaboration, market access and programme delivery.

Engee is continuing to strengthen its access to investors and financing partners as the business scales. Our focus is on building long-term relationships with impact-oriented funders, sustainability-focused organisations, private-sector partners and other stakeholders interested in circular economy, youth employment and creative enterprise development.

These networks provide a foundation for connecting programme beneficiaries to mentors, industry practitioners, potential customers, partners and appropriate financing opportunities while expanding Engee's capacity to deliver enterprise support.","Engee Ecodesigns Limited will build inclusion into participant recruitment, training delivery and follow-up to achieve at least 40% female participation and 5% NEET youth participation.

We will set these targets at the recruitment stage and work with youth groups, community organisations, local networks and other relevant stakeholders to reach eligible participants. We will deliberately encourage applications from young women and unemployed or out-of-school youth who may not have access to conventional entrepreneurship programmes.

For female participation, we will maintain a safe and respectful learning environment, use accessible communication channels and, where possible, consider training schedules that accommodate caregiving responsibilities. Participation will be monitored by gender throughout recruitment and programme delivery, allowing us to increase targeted outreach if female participation falls below the 40% target.

For the NEET target, we will identify participants who are not currently in employment, education or training during registration and maintain a separate participation record. Community-based mobilisation and direct outreach will help us reach young people who are less likely to access formal opportunities.

We will regularly review disaggregated participation data against both targets and take corrective action where necessary. Beyond participation, we will provide practical, market-oriented skills, mentorship and enterprise support to help participants progress towards employment, self-employment or further enterprise development.","Engee Ecodesigns Limited does not currently have a formal partnership with the designated host institution in FCT. However, we have engaged with the wider enterprise-support ecosystem and previously participated in a Wootlab programme, gaining exposure to structured enterprise development and support activities.

We have also developed working relationships with organisations, community stakeholders and ecosystem partners through our skills-development, entrepreneurship and sustainability activities. These experiences have strengthened our capacity to engage stakeholders, mobilise participants, coordinate programmes and deliver practical training.

If selected, Engee will work closely with the designated host institution to establish an effective working arrangement, clearly define responsibilities and leverage the institution's networks and facilities to deliver the programme successfully.","Engee will coordinate with the host institution through a designated focal team and a clear implementation sequence. First, we will map the relevant entrepreneurship centre, career services, student affairs and alumni networks and agree on roles, communication channels, referral processes and delivery timelines.

Second, these structures will support targeted beneficiary mobilisation. Entrepreneurship centres will help identify participants interested in enterprise development, student affairs will support outreach and engagement, career services will help reach employment-seeking youth, while alumni networks will extend outreach and provide mentorship and industry connections.

Third, Engee will deliver practical creative-enterprise training, mentorship and enterprise-support activities in coordination with institutional schedules and existing programmes. Regular coordination meetings will help resolve operational issues and prevent duplication.

Fourth, participants will be connected to mentors, industry practitioners, employers, customers and relevant ecosystem opportunities through the institution's networks and Engee's wider partnerships.

Finally, we will jointly monitor participation, training completion, enterprise activity and employment outcomes. Regular reviews will be used to identify gaps, improve delivery and ensure progress towards programme targets. This approach will integrate the Centre of Excellence into existing institutional structures while leveraging Engee's practical expertise in creative enterprise, sustainable fashion and entrepreneurship support.","Engee will engage institutional staff and faculty through a structured coordination and implementation process to ensure effective programme delivery and strong institutional ownership.

First, we will identify key staff and faculty across entrepreneurship, career services, student affairs, relevant academic departments and alumni engagement units, and establish designated focal persons for the programme. An initial briefing will align stakeholders on the programme objectives, beneficiary targets, implementation timeline, roles and reporting requirements.

Second, staff and faculty will support participant mobilisation by sharing programme information through institutional communication channels, departments, student networks and relevant staff contacts. Faculty members will also help identify students and young people who may benefit from the creative-enterprise and entrepreneurship opportunities.

Third, Engee will work with relevant faculty and staff to align training activities with institutional schedules and existing entrepreneurship or employability initiatives. Where appropriate, faculty members and experienced staff can contribute as guest facilitators, mentors or technical advisers, while Engee provides practical expertise in sustainable fashion, upcycling and creative enterprise.

Fourth, we will maintain regular communication through scheduled coordination meetings, progress updates and feedback sessions. Staff and faculty will be able to raise operational issues, recommend improvements and support timely resolution of challenges.

Finally, institutional staff and faculty will be involved in monitoring participation, training completion, enterprise activities and post-training outcomes. Their continued involvement will help strengthen referrals, mentorship, industry connections and sustainability beyond the programme period.

This approach will ensure that the Centre is integrated into the institution’s existing structures rather than operating as a standalone project.","Beneficiaries will be identified through a combination of institutional outreach, community mobilisation and targeted referrals to ensure that eligible young people have fair access to the programme.

First, Engee will work with the host institution’s entrepreneurship centre, career services, student affairs, academic departments and alumni networks to publicise the opportunity and identify potential participants. Faculty and staff will be encouraged to refer young people who show interest in entrepreneurship, digital and creative skills, employment or starting and growing a business.

Second, we will use community networks and relevant youth-focused organisations to reach young people who may be outside formal institutional structures, including unemployed, out-of-school and underserved youth. Targeted outreach will be used to support the programme’s female and NEET participation targets.

Interested applicants will complete a simple registration and screening process capturing relevant information such as age, employment or education status, interests, existing skills, business or career goals and availability. Selection will be based on transparent eligibility and programme-fit criteria.

Selected beneficiaries will then be referred into the appropriate training, mentorship and enterprise-support activities based on their needs and interests. Participation and referral records will be maintained to track attendance, completion and progression.

Regular follow-up will help identify beneficiaries who need additional mentorship, technical support, employment connections or enterprise referrals, ensuring that support continues beyond initial training.",yes,yes,"Engee Ecodesigns Limited uses simple, structured monitoring and data management processes to track programme activities, participation, outputs and outcomes. For skills-development and community outreach activities, we maintain participant registration records capturing relevant information such as names, contact details, age, location, gender, employment or education status, skills interests and participation status.

During training and programme activities, attendance records, activity reports, participant feedback and completion records are used to monitor engagement and identify participants who may require additional support. We also document training activities, mentorship sessions, outreach activities, referrals, partnerships and other key implementation milestones.

For data management and reporting, Engee uses digital tools such as Google Forms, Google Sheets/Drive and Microsoft Excel to collect, organise, analyse and securely maintain programme information. Where appropriate, information is categorised by beneficiary group, activity, location and programme stage to support tracking and reporting.

At the end of activities, we review participation, completion, skills development, enterprise engagement, referrals and other relevant indicators against planned targets. Findings from monitoring are used to identify implementation gaps, improve future activities and inform programme reporting.

For the proposed Centre of Excellence, Engee will work with the host institution to agree on appropriate indicators, reporting templates, data collection procedures and responsibilities. We will maintain accurate participant and activity records while respecting confidentiality and responsible data-handling practices. Regular progress reports and review meetings will support timely decision-making, accountability and continuous improvement throughout implementation.","Engee Ecodesigns Limited will sustain the programme by combining earned revenue, institutional partnerships, service-based activities and continued ecosystem engagement rather than relying solely on grant funding.

Engee’s existing business model in sustainable fashion and circular production provides a foundation for long-term sustainability. Revenue will continue to be generated through the sale of sustainable fashion products, custom clothing, ready-to-wear products, bags and other upcycled products. We will also develop paid training, creative-enterprise workshops and technical support services for organisations, institutions and community groups where appropriate.

For the Centre of Excellence, Engee will build relationships with the host institution, private-sector organisations, industry practitioners, development partners and other ecosystem actors to support mentorship, referrals, enterprise opportunities and future programme activities. Where appropriate, institutional and private-sector partnerships will provide opportunities for sponsorship, commissioned training and other cost-sharing arrangements.

We will also strengthen business-to-business and institutional sales, develop corporate and organisational partnerships, and participate in exhibitions, markets and other channels that can generate customers and enterprise opportunities for trained beneficiaries.

Programme sustainability will be supported by developing local facilitators, mentors and alumni networks so that knowledge and support can continue beyond the initial implementation period. Participant progress and enterprise outcomes will be monitored to identify opportunities for further mentorship, market access and partnerships.

Through this diversified approach, Engee aims to build a financially and operationally sustainable model in which business revenue supports continued enterprise development while partnerships and institutional relationships expand the reach and long-term impact of the Centre of Excellence.","Engee Ecodesigns will provide a structured pathway that moves beneficiaries from skills development to practical experience, enterprise opportunities and employment. The pathway will begin with participant assessment to understand each beneficiary’s skills, interests, employment status and career or business goals.

Participants will then receive practical training in creative enterprise, sustainable fashion, upcycling, entrepreneurship and relevant employability skills. Training will be practice-oriented, with participants working on real projects and developing portfolios that demonstrate their skills.

Following training, participants will be grouped according to their pathway: employment, self-employment or further enterprise development. Participants seeking employment will receive CV and interview support, portfolio development, workplace-readiness guidance and referrals to relevant employers, creative businesses and industry practitioners. Engee will use its networks and institutional partnerships to facilitate introductions, mentorship, internships, apprenticeships and other work-based opportunities where available.

Participants interested in self-employment will receive support to develop viable products or services, pricing, basic business management, customer acquisition and market-entry skills. They will be connected to markets, exhibitions, customers and relevant enterprise-support opportunities.

Engee will also provide follow-up mentorship after training to track participants’ progression and identify additional support needs. Employment, internships, enterprise activity, referrals and other progression outcomes will be documented through follow-up monitoring.

This approach creates a practical progression from training → portfolio/practical experience → mentorship → employer or market connection → employment, internship or enterprise activity, with continued follow-up to support sustainable outcomes beyond the programme.",false,true,true,true,true,true,true,Grace George,Founder,2026-09-28 02:25:27.585+00,2026-09-28 02:25:27.585+00,2026-09-12 13:39:10.459417+00,2026-09-28 02:25:28.88962+00
525a4ba8-9412-4df1-8f2b-84562bf4ea44,0a504f93-e7b7-4dda-8369-cffddeffac75,00605d6a-980d-406e-a669-c49fc93044cd,IDICE-NC-PLA-0001,SUBMITTED,Plateau,A+ Computer Training Technology Limited,registered_entity,2018,Innovation Hub,https://apluscomputertrainingtech.com.ng/,Zhantim Zhakom,Center Manager,08054297094,zhantimzhakom@gmail.com,"[""Plateau""]","Address 1: No. 16A Tudun Wada, Jos, Plateau State
Address 2: No. 2 Ibrahim Taiwo Road, Hill Station
Junction, Jos, Plateau State.",lt_15,21128993-0001,Full-time,"The board leadership of A+ Computer Training Technology Limited comprises professionals with experience across education, technology, legal, and financial sectors:

Chief Koppe Sylvanus (Board Chairman & CEO): Tech entrepreneur and innovator with over 15 years of experience in ICT training and business development, focused on empowering youth with digital skills.

Dr. Audu Buba (Academic Adviser & Registrar): Oversees academic administration and student services to support educational standards.

Mr. Manian CSB (Global Partner): Serves as a global partner representing TGA, USA.

Mr. Martins Kutus (Institute Chartered Accountant): Chartered Accountant and senior lecturer at the University of Jos, bringing 12+ years of expertise in financial management and strategic planning.

Mr. Naandoet F. Buenyen (Director & Head of Training): Directs training program development and execution with over 10 years of experience.

Hon. Benshak Dalop (Director & Institute Patron): Mentor and advocate dedicated to academic excellence and fostering innovation.

Mrs. Christiana Manasseh L., Esq (Director & Legal Adviser): Provides legal counsel specializing in corporate law and compliance.","[""Technology"",""Creative"",""Entrepreneurship""]","Programme Delivery Track Record

At A+ Computer Training Technology Limited, our delivery framework balances high-impact technical education with targeted social responsibility, focusing on youth empowerment and institutional capacity building across Plateau State.

TVET Cohort 1 Programme: Delivered comprehensive technical and vocational education sponsored by the Federal Government of Nigeria to 50 trainees assigned to our center. The cohort achieved a 78% completion rate (39 graduates), with 65% of graduates securing immediate internships and freelance placements.

Plateau Youth Business Development CSR (2025): Fully funded and executed by us, a business development initiative for 150 young entrepreneurs in Jos and surrounding local government areas. The curriculum targeted financial literacy, pitch preparation, and digital business operations. Out of 40 seed-ready micro-enterprises supported through pitch competitions, 18 registered formal enterprises with the CAC, creating an estimated 65 direct local jobs.

Security Agencies ICT & Data Operations CSR: Conducted a specialized digital literacy and operational data management workshop for 85 personnel across local security and law enforcement formations in Plateau State. The intervention achieved a 100% certification rate, enhancing inter-agency digital reporting efficiency and computer literacy by 45% based on post-assessment metrics.

Across these flagship interventions, our recent programmes have directly impacted hundreds of individuals, achieving an average 88% skill mastery score and fostering strong institutional goodwill across public and private sectors in Plateau State.",,"A+ Computer Training Technology Limited is committed to fostering an equitable, accessible, and inclusive learning ecosystem. To meet and exceed the benchmark targets of 40% female participation and 5% NEET (Not in Education, Employment, or Training) youth inclusion, we employ a targeted outreach, selection, and retention strategy across Plateau State.

1. Targeted Recruitment & Community Partnerships

Gender-Focused Mobilization: Partnering with local women-led organizations, female tech networks (e.g., Tech Women Nigeria, local STEM clubs), and community leaders across LGAs to conduct gender-specific awareness drives and pitch sessions.

NEET Youth Outreach: Collaborating with local youth councils, grassroots CBOs, and community development associations (CDAs) to directly identify and recruit disengaged youth, school dropouts, and unemployed individuals in underserved rural and peri-urban areas.

2. Equity-Centered Selection & Flexible Onboarding

Incentivized Quotas: Reserving a strict 45% quota for female applicants and 8% quota for NEET youth during initial screening stages to safeguard final enrollment numbers against dropouts.

Accessible Entry Barriers: Simplifying intake assessments to focus on problem-solving aptitude rather than prior technical background, ensuring non-academic and non-formal backgrounds are not disadvantaged.

3. Retention, Support, and Barrier Reduction

Flexible Learning Schedules: Offering hybrid learning models, flexible shift timings, and recorded modules to accommodate caregiving responsibilities often faced by female participants.

Mentorship & Safe Spaces: Pairing female trainees with female tech professionals and alumni for active mentorship, alongside establishing strict zero-tolerance policies on harassment and safe learning environments.

Stipends & Resource Support: Providing data subsidies, hardware access, and localized learning materials to alleviate economic barriers for NEET participants during training.

4. Tracking, Accessibility, and Post-Program Transitions

Disaggregated Monitoring: Utilizing real-time data tracking to measure attendance, retention, and performance metrics segregated by gender and NEET status, enabling early intervention if retention drops.

Inclusive Facilities: Ensuring physical training hubs are accessible, well-lit, and equipped with supportive learning aids for trainees of all abilities.

Pathway Matching: Securing prioritized internship and mentorship placements through local partner networks specifically reserved for top-performing female and NEET graduates.","A+ Computer Training Technology Limited maintains established operational partnerships with key tertiary and vocational institutions across Plateau State, including the Plateau State University, Bokkos (PLASU), Plateau State Polytechnic, and local technical colleges.

Our collaboration centers on joint digital capacity-building initiatives, practical ICT training integration, and curriculum alignment to support student skill development. Through these formal and informal linkages, we regularly co-host technical workshops, facilitate industrial training (IT/SIWES) placements for students, and engage campus leadership to align our enterprise support activities with existing academic schedules and institutional goals.","To ensure seamless integration across host institutions, A+ Computer Training Technology Limited coordinates directly with four key internal units:

Entrepreneurship Centres: Co-designing hands-on incubators, joint bootcamps, and venture-pitch events to help student founders turn digital projects into registered startups.

Career Services & Placement Units: Facilitating internship pipelines, SIWES placements, CV clinics, and corporate recruiting events for graduating participants.

Student Affairs Directorate: Coordinating outreach via student unions, securing facility allocations, and aligning cohort schedules to avoid conflicts with academic calendars.

Alumni Networks: Engaging alumni to serve as mentors, guest speakers, and industry contacts for ongoing career tracking and graduate placements.",,,yes,yes,,,"Our programme establishes a direct, structured pipeline connecting participants to employment through a four-stage pathway:

Market-Aligned Curriculum & Industry-Led Capstones: Training modules are designed alongside local tech firms and industry partners. Participants work on real-world industry briefs and capstone projects rather than hypothetical scenarios, ensuring skills directly address immediate employer talent gaps.

Work Readiness & Career Prep Workshops: Alongside technical instruction, beneficiaries undergo intensive soft-skills conditioning, including technical interview prep, CV portfolio optimization, mock panel reviews, and professional workplace etiquette training.

Direct Partner Matching & Talent Showcases: Upon project completion, we host structured Demo Days and Career Fairs connecting high-performing graduates directly with hiring managers. Partners review capstones and conduct preliminary interviews on-site.

Structured Internship-to-Hire Placement: Graduates are placed into 3- to 6-month paid internships, apprenticeships, or remote contract roles with regional tech firms, SMBs, and enterprise partners, serving as a low-risk trial period that transitions into full-time employment upon satisfactory performance.",false,true,true,true,true,true,true,Zhantim Zhakom,Mr.,2026-09-10 19:22:51.124+00,2026-09-10 19:22:51.124+00,2026-09-09 14:00:27.904486+00,2026-09-10 19:22:51.345899+00
58566331-1404-43dc-bdf6-51f73da694ec,f9d071e6-9615-458c-bd51-5531c7a76e96,00605d6a-980d-406e-a669-c49fc93044cd,IDICE-NC-PLA-0001,DRAFT,Plateau,Kaswa Ng Enterprise,,,,,,,,,[],,,,,,[],,,,,,,,,,,,,false,false,false,false,false,false,false,,,,,2026-09-07 15:11:24.499671+00,2026-09-07 15:11:24.499671+00
5a01ff89-d047-4161-80ff-3ec6e6ebc6b4,526705f8-2121-4da8-9c52-3aabda29a31f,530c10b5-061b-4b89-946e-adc1f59d9e2f,IDICE-NC-KOG-0001,SUBMITTED,Kogi,Mentor-Box Foundation,registered_entity,2019,Innovation Hub,https://www.mentor-box.ng/,Eunice Emmanuel-Agada,Executive Director,08128994322,cinwon.e@gmail.com,"[""Kogi""]","Suite 25, Zabham Plaza, opposite Kogi Amusement Park, Lokoja",15_30,23663301-0001,4 full time 6 part time,"Mentor-Box Foundation runs a two-tier governance system: a Governing Board and a Leadership Team.
The Governing Board (Strategic Oversight & Governance) Our Board comprises of six seasoned professionals with a wealth of experience in business development, social impact, tech innovation and public service. They ensure that Mentor-Box remains aligned with our core mission while maintaining strict compliance with global standards for administrative compliance, project/programme delivery and social impact. The Board meets quarterly to review impact reports, approve annual budgets, and evaluate organizational scale-up strategies.

Leadership Team (Operational Execution) The day-to-day operations and strategic mandates of the Foundation are driven by the Management Team. 

Executive Director (My Role): I lead our strategic vision, business growth and partnerships. With my background in communications and project management, I focus on connecting government goals, donor support and partnerships my work bridges the gap between public sector objectives and grassroots tech empowerment.

Head of Programmes /Hub Operations: This role oversees our day to day training and hub activities across Kogi State. This unit oversees program delivery, ecosystem learning, and regional learning clusters. This unit ensures our curriculum's are practical and directly match market needs.  

Monitoring, Evaluation, and Learning (MEL) Lead: This leadership role designs real-time data monitoring systems and data collection tools to track beneficiary progress, MSE recovery metrics, and post-program socioeconomic outcomes, ensuring continuous project optimization and transparent reporting.

Business Development Trainers (2 Part Time Roles): These dedicated enterprise development specialists facilitate our core business skills, incubator modules, and growth bootcamps for micro enterprises and startups across Kogi State using certified training methodologies (such as ILO SIYB),they provide practical coaching, pitch preparation, mentorship and business readiness support to local entrepreneurs. 

Administrative Assistant: Manages daily office workflow, procurement support, participant documentation and logistics for all hub events and training sessions across the state.

Grassroots Hub Managers & Community Leads (Paid Volunteers) 
To reach young people across Kogi’s three senatorial districts (including Lokoja, Dekina, and Kabba/Okene), we rely on local hub managers and community reps on the ground. They run our regional hub activities, support local startups and entrepreneurs, and listen to what our people need so we can quickly adapt our programs.
Inclusion at the Core
As a women-led organization, we make sure women, youth, and persons with disabilities always have a seat at the table. This simple, community-focused structure gives Mentor-Box Foundation the local trust and operational strength to deliver top-quality enterprise support in Kogi State.","[""Technology"",""Entrepreneurship""]","Over the past seven years, Mentor-Box Foundation has established a proven track record of creating pathways for socio economic development in Kogi State. By collaborating with donor agencies, government bodies, and private organizations, we have designed and executed several capacity-building programs that drive measurable socio-economic impact. Key among them are the following:
Driving Access to Financial Inclusion for Micro and Small Enterprises (DAFIM)
Partners/Funders: Innovation Support Network (ISN) and Ford Foundation.
Scope & Delivery: Deployed comprehensive business development and financial literacy training across six grassroots communities in Kogi State (Adamu, Ajaokuta, Lokoja, Koton-Karfe, Okehi, and Okene).
Outcomes: Successfully upskilled and provided enterprise support to 2,682 Micro and Small Entrepreneurs (MSEs). The program achieved exceptional demographic penetration, with women making up 52% (1,408) of the cohort. Additionally, 38.9% were at-risk youth, and 8.6% (232) were Persons with Disabilities (PWDs), establishing a powerful precedent for inclusive program delivery.
3 Million Technical Talent Programme (3MTT) 
Partners/Funders: Federal Ministry of Communications, Innovation & Digital Economy (FMCIDE) and the National Information Technology Development Agency (NITDA).
Scope & Delivery: Served as the pioneer Applied Learning Cluster partner for Kogi State. We bridged the gap between theoretical tech education and market readiness by facilitating hands-on technical application, peer-to-peer learning, and structured placement support.
Outcomes: Mentored and supported over 500 technical fellows through rigorous practical modules. Our intervention yielded over 40 direct job placements for participants into income-earning roles. Furthermore, participant teams mentored by our hub won a national innovation challenge, subsequently securing the platform to pitch their tech solutions to international investors across Qatar, the UK, and Saudi Arabia.
Kogi Enterprise Development Support (NG-CARES Integration)
Partners/Funders: Kogi Enterprise Development Agency (KEDA) / NG-CARES.
Scope & Delivery: Acted as the technical support and enterprise development backbone for local businesses seeking post-pandemic recovery and growth funding.
Outcomes: Delivered specialized Business Development Training to 512 enterprise beneficiaries. Our direct technical assistance ensured these local businesses met the rigorous compliance and operational frameworks required to successfully access the critical NG-CARES grant.","Mentor-Box Foundation operates at the intersection of local community trust and institutional credibility. Our network architecture is deliberately designed to provide founders and trainees with a continuous pipeline of mentorship, market access, and funding opportunities.

Key Ecosystem Partners and Certifications:

 Kogi State Enterprise Development Agency (KEDA): We maintain a foundational and highly strategic partnership with KEDA, bolstered by historical executive-level engagement and board-level insights within the agency. This unique relationship positions Mentor-Box as a trusted, primary technical partner in driving state-backed enterprise growth, ensuring our entrepreneurs have direct pathways to state funding interventions (such as NG-CARES) and institutional support.

Kogi State Information Communication Technology Development Agency (KICTDA): Serving as a core technical partner, we directly inform state digital talent pipelines.

 Innovation Support Network (ISN): As an active ecosystem member of Nigeria’s premier network of innovation hubs, we leverage a national grid of over 100 hubs to share resources, standard operating procedures, and cross-state market access for our startups.

 International Labour Organization (ILO): We hold the globally recognized ILO-SIYB (Start and Improve Your Business) certification. This equips our in-house mentors with gold-standard, evidence-based curricula to train entrepreneurs, ensuring our pedagogy meets international benchmarks.

 Kogi Startup Community: We are the pioneer founders of the Kogi Startup Community, serving as the central convening body for tech talent, innovators, and creative entrepreneurs in the state. This grants us unparalleled access to grassroots talent and localized industry trends.

 Federal & State Policy Networks: Beyond KEDA, we maintain deep, functional relationships with vital public sector drivers, including NITDA and FMCIDE, ensuring our programs are intimately aligned with national digital transformation and economic policies.","Our approach to inclusion is not theoretical; we have a proven track record.  We have consistently surpassed standard diversity benchmarks evidenced by the DAFIM project, where we achieved 52% female inclusion and 8.6% PWD inclusion. To guarantee we meet and exceed the targeted 40% female and 5% NEET (Not in Education, Employment, or Training) youth thresholds for upcoming programs, we will deploy the following strategic framework:

Strategy for Driving Female Inclusion (Target: >40%)

Targeted Ecosystem Mobilization: Leveraging deep institutional knowledge from specialized platforms focused on female workforce integration, we will design mobilization campaigns that speak directly to the barriers women face (e.g., career breaks, imposter syndrome, and access to capital).

Flexible & Safe Learning Frameworks: To ensure high retention, we design program schedules around the realities of primary caregivers. We combine digital learning modules with flexible in person cohorts. 


Female led Mentorship: Deploying a female-heavy roster of facilitators and mentors. Seeing female leaders and successful female alumnae actively driving the program builds immediate psychological safety and encourages higher retention rates among female participants.

Strategy for Engaging NEET Youth (Target: >5%)

Aptitude Over Credentials: Standard academic requirements often lock out NEET youth. Our recruitment strategy for this demographic will rely on localized, alternative assessment models focusing on raw problem-solving aptitude, baseline digital literacy, and community recommendations.

Grassroots Outreach and Ton Hall Sensitizations: Reaching disconnected youth requires an unconventional approach, 
We will leverage both digital and traditional awareness creation to reach this demographic, by utilizing our established Kogi Startup Community grassroots networks, community town halls, and partnerships with local youth leaders to identify and onboard disenfranchised youth.

Integrated Technical and Soft Skills Training: Recognizing that NEET youth often face compounded socioeconomic challenges, we will pair technical and business training with fundamental soft skills development such as executive presence, emotional intelligence, and effective communication to ensure that the participants are well prepared for long term economic independence.","Our relationship with host organizations is built on deep trust, mutual value, and long-term collaboration. Mentor-Box operates as a catalyst; we are a core convener in the local innovation ecosystem. Our host partners view Mentor-Box Foundation as an asset that brings real energy, capacity, and visibility to their institutions.

 When we run programs within host facilities, either at tertiary institutions, government centers, or at the community level, we integrate directly into their day-to-day operations. We work in partnership with facility managers, department heads, and local administrators from day one. By treating host staff as true co-hosts rather than venue managers, we ensure seamless scheduling, reliable logistics, and quick troubleshooting throughout the program cycle.

 Making sure every host organization clearly benefits from partnering with us is a principle that is very important to our organization. Beyond bringing high-impact programs and active cohorts through their doors, we upskill their internal staff and faculty. We train their teams in modern digital tools, AI workflows, and practical business frameworks. This means the host institution gains long-term capacity that continues to serve them long after a specific project ends.

This is in tandem with our strategic alignment with State and Academic Hosts With major institutional hosts like the Kogi State Enterprise Development Agency (KEDA) and the Enterprise Development Center at Kogi State Polytechnic, our relationships are backed by shared goals and executive alignment. Hosting initiatives within their spaces allows our participants to access established institutional resources, while giving the host bodies verified data, real community impact, and modern training models they can showcase to their own stakeholders.

Reemphasizing on our deep roots at the grassroots and community level, our host relationships depend on local trust and accountability. By partnering directly with local councils, community centers, and youth organizations, we ensure our learning spaces are secure, accessible, and welcomed by the community. This turns our host venues into true neighborhood anchors for youth empowerment and economic growth.","The work  that we do at Mentor-Box is deeply anchored in existing public sector frameworks, most notably through our foundational partnership with the Kogi State Enterprise Development Agency (KEDA). Because of our historical executive and board-level involvement with the agency, we don't just work alongside the government, we help bridge the gap between state economic policy and the grassroots entrepreneurs who need it most. This ensures our programs align seamlessly with official development goals and give our trainees direct pathways to state-backed support and funding.

As it regards to Tertiary Education & Entrepreneurship Centers, we bridge the gap between campus walls and the real-world economy by partnering directly with institutional incubators like the Enterprise Development Center at the Kogi State Polytechnic, Lokoja. We bring practical, market-driven digital and business training straight to their doorstep. Beyond that, we are actively building the Kogi Young Innovators Community, creating a dedicated pipeline that catches students while they are still in school and transitions them into tech-enabled entrepreneurship and innovation before graduation.

Student Leadership & Campus Communities When it comes to engaging university students, we don't rely on top-down bureaucracy. We have built a genuine, working relationship with the Student Union Government at the Federal University Lokoja. By actively co-implementing projects with the student leadership body particularly during student union weeks, we get authentic buy in, high engagement, and direct access to young people who are ready to build, learn, and lead.

Alumni & Leadership Networks We know that a training program is only as good as what happens after it ends. To provide long-term continuity, we lean heavily on our long-standing ties with the Young African Leaders Initiative (YALI) Network in Kogi State; a community we helped pioneer and establish. This network plugs our graduates straight into an elite, active ecosystem of changemakers and entrepreneurs, giving them lifelong peer support, mentorship, and collaboration opportunities long after their time with Mentor-Box is done.","To ensure programme success and sustainability, engaging institutional staff and faculty is critical to embedding our work into the very fabric of the academic environment  rather than treating it as an outside intervention. 

 Co-Design and Curriculum Integration We don't approach faculty with a rigid, ready-made package. Instead, we engage department heads, entrepreneurship center directors, and lecturers in collaborative co-design sessions. By aligning our digital skills, financial literacy, and business development modules with their existing departmental frameworks and institutional goals, we position our programs as an enhancement rather than a disruption to their academic calendar. This collaborative curriculum design ensures that faculty members view the initiative as their own.

Capacity Building and Train-the-Trainer Models To foster long-term institutional ownership, we deploy a Train-the-Trainer approach. Rather than relying solely on external facilitators from Mentor-Box, we actively involve internal staff and faculty in our training workshops, bootcamps, and accelerator programs. We equip them with modern pedagogical tools, AI-enabled administrative workflows, and practical tech frameworks. By upskilling the faculty first, we turn them into active champions who can independently mentor students, sustain the modules long after initial project cycles, and drive institutional capacity from within.

Incentivized Collaboration and Recognition We recognize that faculty members juggle heavy teaching, research, and administrative loads. Our engagement plan incorporates structured incentives, including formal co-facilitation credits, collaborative research opportunities stemming from our project data, and joint recognition during milestone events like demo days and graduation ceremonies. By highlighting their leadership in reports, policy roundtables, and ecosystem showcases, we elevate their profiles within the broader academic and innovation landscape.","To ensure our programs reach the right people especially women and NEET youth who might otherwise slip through the cracks our beneficiary identification and referral process relies on a mix of grassroots community mobilization, institutional partnerships, and practical, aptitude-based screening.

Grassroots and Community-Level Mobilization

We don’t rely solely on online flyers or passive digital ads to find participants. Instead, we use our deep roots in the Kogi Startup Community and local grassroots networks to meet people where they are. We partner directly with community leaders, youth groups, and local stakeholders to run town-hall sensitizations and awareness drives. This boots-on-the-ground approach ensures that marginalized groups, informal entrepreneurs, and young people in off-grid or semi-urban areas are actively sought out and informed about the opportunity.

Institutional and Campus-Based Referrals

To capture students and young innovators within formal structures, we tap directly into our network of academic and enterprise partners. We work closely with campus bodies like the Student Union Government at Federal University Lokoja, entrepreneurship centers like the EDC at Kogi State Polytechnic, and faculty departments. These institutional allies act as trusted referral channels, directing ambitious students, recent graduates, and campus-based founders straight into our mobilization funnel.

Agency and Government-Backed Channels

Through our strategic partnerships with public sector bodies like the Kogi State Enterprise Development Agency (KEDA) and state ICT frameworks, we leverage existing databases of micro-entrepreneurs and civic applicants. For initiatives focused on business development or grant readiness (such as past integrations with NG-CARES), KEDA and aligned agencies help channel validated entrepreneurs who already meet specific enterprise criteria directly into our cohorts.

Aptitude-Based and Inclusion-Focused Screening

Traditional application processes often shut out the exact demographics we aim to elevate—such as NEET youth who lack formal CVs or women stepping back from the workforce. We replace rigid academic screening with alternative, capability-based assessment models. Our screening looks at raw problem-solving aptitude, baseline digital curiosity, and community endorsements. For female-targeted programs, our outreach explicitly addresses and accommodates the realities of primary caregivers, ensuring the application and onboarding process is accessible, welcoming, and barrier-free.",yes,no,"Our data process begins right at recruitment, we use centralized digital collection tools like Google Forms to capture baseline data for each programme participant.  This initial profiling allows us to accurately track critical inclusion metrics, such as female participation rates, age demographics, and inclusion for Persons with Disabilities, from day one.

During program execution, we track daily attendance, module completion, and practical milestones through cloud-based dashboards and standardized field monitoring logs. Our monitoring and evaluation (M&E) team regularly audits training sessions to ensure facilitators adhere to high-quality delivery standards and that learning outcomes are being met in real time.

Once training is complete, we transition from tracking activity to measuring real-world impact. We monitor long-term outcomes through follow-up surveys, business health checks, and revenue logs. Key performance indicators such as income growth, grant access, job placements, and digital tool adoption are tracked continuously. For tech cohorts, top-performing startups are followed through dedicated pipeline dashboards to record pitch successes, investor connections, and venture milestones.

All collected data is stored in secure, encrypted cloud databases with strict access controls to ensure participant privacy and compliance with data protection laws. This centralized data feeds into our reporting system, where we produce structured weekly dashboards, monthly summaries, and comprehensive final impact reports. These reports combine hard quantitative data with qualitative case studies, giving funding partners, government agencies, and internal teams a clear, verifiable picture of our project impact.","For us at Mentor-Box Foundation, sustainability is built on a diversified revenue model and deep local integration, ensuring our work continues long after any single grant or funding cycle ends. Rather than depending entirely on traditional donor support, we maintain financial stability through a balanced combination of earned income, public sector partnerships, shared infrastructure, and enterprise services.

We generate internal revenue by providing specialized consulting, digital upskilling, and business development services to private companies, SMEs, and corporate clients. Leveraging our certified team and technical expertise, we also deliver paid monitoring and evaluation, research, and corporate training packages for development partners. The income generated through these commercial activities is directly reinvested into our non-profit community programs, creating a reliable financial buffer.

Our close alignment with government bodies including the Kogi State Enterprise Development Agency (KEDA) and state ICT framework allows us to co-design and deliver public programs. By plugging into existing government budgets, state development schemes, and federal initiatives, we secure sustainable, non-grant co-funding to drive large-scale economic and digital training across the state.

Through networks like the Kogi Startup Community and our growing alumni body, we build long-term value that feeds back into the foundation. As top-performing startups grow, access capital, and commercialize, we create flexible success-fee and advisory support structures. This allows thriving local ventures to contribute back to the hub, helping fund the next generation of young entrepreneurs.","A key pillar of our employment pipeline is our collaboration with private-sector employers and development partners. Through our partnership with Hemam Synergy; a grantee of the Challenge Fund for Youth Employment (CFYE) Programme we connect our digital and technical graduates directly to verified job openings, apprenticeships, and internship placements. This alignment ensures our curriculum addresses exact market demands, allowing partner organizations to confidently absorb top talent directly from our cohorts.

Through our strategic technical partnership with the Kogi State Information Communication Technology Development Agency, we create direct pathways into public sector digital initiatives. Trainees are deployed to support state workflow digitization, civil service technical upskilling, and government ICT infrastructure projects. This provides our young tech talent with immediate real-world experience while actively contributing to state digital transformation goals.

For business-focused beneficiaries and budding founders, we work closely with the Kogi State Enterprise Development Agency (KEDA). Through KEDA, our trainees gain direct access to state enterprise interventions, business advisory support, and grant programs (such as NG-CARES). This pathway helps micro-entrepreneurs formalize their businesses, access growth capital, and scale their operations to hire additional youth from within our community.

For technical fellows aiming for global opportunities, we provide freelancing and remote work readiness modules covering contract bidding, profile optimization, and client management. Meanwhile, high-potential innovators receive incubation support through the Kogi Startup Community to turn their capstone projects into market-ready ventures.",false,true,true,true,true,true,true,Eunice Emmanuel-Agada,Executive Director,2026-09-11 11:49:16.988+00,2026-09-11 11:49:16.988+00,2026-09-03 17:01:01.291129+00,2026-09-11 11:49:17.185085+00
5d32d305-3804-43ff-9b7c-7c50c4cde20b,65cf1974-b7cd-49d5-9706-39c9da907001,04e34081-9746-4d77-a729-c21c75147b8b,IDICE-NC-FCT-0001,DRAFT,FCT,Wootlab,registered_entity,2019,,,,,,,[],,,,,,[],,,,,,,,,,,,,false,false,false,false,false,false,false,,,,,2026-09-08 16:24:08.957639+00,2026-09-08 16:24:49.714719+00
60d493c8-002a-4812-9049-fdcd85048fd9,8a674ec7-567b-47ce-92df-75b28c2c4168,530c10b5-061b-4b89-946e-adc1f59d9e2f,IDICE-NC-KOG-0001,DRAFT,Kogi,ESO-GUY,,,,,,,,,[],,,,,,[],,,,,,,,,,,,,false,false,false,false,false,false,false,,,,,2026-09-10 15:22:52.056323+00,2026-09-10 15:22:52.056323+00
61683ae0-161b-406b-9bea-9f26a143332a,7abfef71-b5be-47fb-bb1d-3cde7e8d88a9,530c10b5-061b-4b89-946e-adc1f59d9e2f,IDICE-NC-NAS-0001,DRAFT,Nasarawa,ABLE applicant,registered_entity,2019,Innovation Hub,https://myportal.com/eso,Able King James,technical lead,09033445667,yikanit442@fidhost.com,"[""Kogi""]","no 1 olamaboro road, kogi state",lt_15,1234566UI,full time,Just a board with good leadership structure.,"[""Technology""]",We did this and we did that as we were able to also do those,"world bank , IMF, shell",We are going to be doing that later,we have the host brother as an employee.,we also employed 15 of the host alumni and also provided entreprenuer workshops for the host.,Dont worry if the like our vibe thats all.,Giving them some Cash and valuable,yes,yes,Monitor and reporting of data used,Sustainability plan / revenue diversification,Concrete pathway from your programme into employment*,true,true,true,true,true,false,true,new ESO,Tech lead,,,2026-09-08 10:27:33.350705+00,2026-09-08 10:56:35.764798+00
68454b5a-900d-4a65-97c7-4c9e4f2ddfe6,084a3149-1819-4858-84d9-bc75cd637f36,81e4d3e6-a12d-4761-8d1d-89057ff42ea9,IDICE-NC-KWA-0001,SUBMITTED,Kwara,Opolo Global Innovation Limited,registered_entity,2020,Innovation Hub,www.opologlobal,Benjamin Oladapo,Operations Manager,+234 803 855 5224,operations@opolo.global,"[""Kwara""]","House 12, Onikanga, GRA, Ilorin",15_30,2522504186090,"8 full-time, 12 part-time","OPOLO Global Innovation Ltd. maintains a clear governance and leadership structure designed to ensure strategic oversight, accountability, effective programme delivery, financial integrity and measurable impact in the execution of its Enterprise Support Organisation (ESO) mandate.

Governance Structure

The Board of Directors provides the highest level of governance and strategic oversight. The Board is responsible for approving strategic direction, providing oversight of organisational performance, financial management, risk, compliance and major institutional commitments.

Board oversight is supported by key governance responsibilities covering:

Finance, Audit & Risk – financial accountability, internal controls, procurement, audit and risk management.
Programme & Impact Oversight – programme quality, beneficiary outcomes, enterprise development and impact.
Governance, Ethics & Safeguarding – institutional governance, integrity, conflict of interest, safeguarding and compliance.

For major ESO programmes, OPOLO establishes a Programme Steering Committee to provide programme-specific oversight, review performance against agreed milestones and budgets, monitor risks and ensure timely resolution of implementation issues.

Leadership and Management Structure

Day-to-day leadership is provided by Executive Management, which is accountable to the Board for translating strategy into operational plans and measurable results.

The management structure provides clear leadership across the following functions:

Programmes & Impact – responsible for entrepreneurship development, digital skills, incubation, acceleration, enterprise support and programme delivery.

Hub Operations & Service Delivery – responsible for the effective operation of OPOLO's innovation hubs, programme logistics, technology infrastructure and beneficiary support.

Finance, Risk & Compliance – responsible for budgeting, programme accounting, procurement, financial reporting, internal controls and compliance.

Partnerships & Business Development – responsible for government, corporate, development-sector, academic and ecosystem partnerships.

Talent, Investment & Market Access – responsible for employment pathways, internships, talent placement, investment readiness, investor engagement and market linkages.

Monitoring, Evaluation, Research & Learning (MERL) – responsible for performance measurement, beneficiary tracking, programme reporting, learning and impact assessment.","[""Technology"",""Creative"",""Entrepreneurship"",""Research support"",""Industry linkage""]","Programme Delivery Track Record

OPOLO Global Innovation Ltd. has demonstrated experience delivering digital skills, entrepreneurship, innovation, incubation, employability and enterprise-support programmes across Nigeria, working with development institutions, universities, corporate organisations and ecosystem partners.

Key evidence of our delivery track record includes:

Tech UpSkill University Innovation Programme – Bank of Industry (BOI): OPOLO has delivered university-based digital skills and innovation programmes across institutions including OAU, University of Ibadan, UNIBEN, Rivers State University, ATBU and Bayero University Kano. Interventions include technology skills development, entrepreneurship, mentorship, innovation challenges and employment/internship linkages.

SkRIBE Digital Skills & Enterprise Development Programme – ODA/BOI: Implemented across Osun State University and OAU, the programme trained 1,000 young people in areas including AI, Data Science & Analytics, Cybersecurity, Product Design, Digital Media, Blockchain, Robotics and STEM, complemented by entrepreneurship training and mentorship.

Innovation Hub Development & Management: OPOLO has established and/or managed innovation hubs across 11 university and community locations, providing practical experience in multi-location programme delivery, beneficiary management, entrepreneurship support and institutional stakeholder engagement.

SheScales Africa: OPOLO delivered a structured six-week investment-readiness programme for women-led, technology-enabled businesses, covering mentorship, financial modelling, pitch development, due diligence, fundraising preparation and investor engagement.

NASENI Innovation Ecosystem Mapping – AfriLabs: OPOLO participated in a multi-state ecosystem mapping assignment covering startups, hubs, academia, government, investors, service providers and technology talent, involving surveys, Key Informant Interviews and Focus Group Discussions.

Northern Nigeria Female Technology Empowerment Programme: OPOLO developed a technology and economic empowerment intervention targeting 100 women in Gombe State, combining digital skills, technology enablement, remote-work readiness and employment/internship pathways.

Demonstrated Results

Across its programmes and innovation-hub activities, OPOLO has achieved:

6,500+ people trained • 2,000+ placement opportunities • 20+ startups supported • approximately 10,000-member innovation community • 11 innovation hubs/locations

This track record demonstrates OPOLO Global’s capacity to manage large-scale, multi-location and multi-stakeholder ESO programmes, from beneficiary mobilisation and training through mentorship, enterprise support, employment, market access and measurable outcome tracking.","OPOLO Global maintains a strong network of industry professionals, entrepreneurs, mentors, technology experts, financial institutions, investors, universities, innovation hubs and development organisations that supports programme delivery and provides beneficiaries with access to expertise, markets, employment and investment opportunities.

Through this ecosystem, beneficiaries and startups receive technical and business mentorship, career coaching, industry exposure, investor readiness, market linkages, internship/job opportunities and access to potential investors and strategic partners.

Key institutional and ecosystem relationships include:

Bank of Industry (BOI) – innovation hubs, entrepreneurship and enterprise-development programmes.
Lagos State Employment Trust Fund (LSETF) – employability and talent-placement opportunities.
AfriLabs – innovation ecosystem development, research and ecosystem mapping.
Innovation Support Network (ISN Hubs) – innovation-hub collaboration, ecosystem programmes and knowledge exchange.
FinTech Association of Nigeria (FinTechNGR) – fintech ecosystem, startup, industry and investor engagement.
The FinTech Institute (TFI) – technology skills development and talent opportunities.
New Horizons – technology skills and international talent/employment linkages.
MTN Foundation – digital inclusion and skills-development ecosystem.
IHS Towers – technology, digital-skills and female empowerment initiatives.
NIMASA / University of Lagos Institute of Maritime Studies – Blue Economy innovation and enterprise development.
Universities and Tertiary Institutions – including OAU, UI, UNIBEN, RSU, ATBU, BUK, UNIOSUN and UNN/UNEC, providing institutional platforms for talent, innovation and entrepreneurship programmes.

This network enables OPOLO to connect beneficiaries beyond training to mentors, employers, industry experts, markets, investors and enterprise-growth opportunities, strengthening the pathway from skills and ideas to sustainable employment and scalable businesses.","Inclusion & Accessibility Capacity

OPOLO Global integrates gender inclusion, accessibility and equitable participation into programme design, beneficiary mobilisation and delivery. Our approach is designed to ensure that women, young people, underserved communities and other underrepresented groups can effectively participate in and benefit from our programmes.

OPOLO’s inclusion capacity is demonstrated through:

Gender-focused interventions, including programmes specifically designed to increase women’s participation in technology, entrepreneurship and enterprise development.
Underserved community reach through university and community-based innovation hubs, including locations such as Otan Ayegbaju and Ifetedo, extending opportunities beyond major urban centres.
Flexible delivery models, combining physical, virtual and blended learning to reduce geographical and participation barriers.
Accessible beneficiary mobilisation, using institutional, community and ecosystem partners to reach diverse beneficiary groups.
Inclusive learning support, including structured onboarding, mentorship, practical learning, digital platforms and ongoing beneficiary support.
Safeguarding and non-discrimination measures designed to provide a safe, respectful and inclusive environment for all participants.
Disaggregated monitoring, enabling participation and outcomes to be tracked by gender and other relevant beneficiary characteristics.

OPOLO also incorporates accessibility considerations into programme planning and delivery and will make reasonable accommodations for persons with disabilities (PWDs) based on identified beneficiary needs and programme requirements.","OPOLO Global has established relationships with universities and tertiary institutions across Nigeria, providing a strong platform for beneficiary mobilisation, programme delivery, innovation-hub operations and stakeholder coordination.

OPOLO has existing or previous programme/hub relationships with institutions including:

Obafemi Awolowo University (OAU), Ile-Ife
University of Ibadan (UI)
University of Benin (UNIBEN)
Rivers State University (RSU)
Abubakar Tafawa Balewa University (ATBU), Bauchi
Bayero University Kano (BUK)
University of Nigeria, Enugu Campus (UNEC)
Osun State University (UNIOSUN)
University of Lagos – Institute of Maritime Studies (UNILAG IMS)

These relationships have supported activities such as innovation-hub establishment and management, digital-skills training, entrepreneurship development, beneficiary mobilisation, mentorship, innovation challenges, stakeholder engagement and employability initiatives.

OPOLO works collaboratively with relevant university leadership and institutional structures to facilitate programme mobilisation, access to facilities, beneficiary engagement and programme implementation.

This existing institutional footprint provides OPOLO with the relationships and practical experience required to rapidly mobilise beneficiaries, coordinate with host institutions and effectively implement ESO programmes across multiple locations.","OPOLO Global adopts an institution-integrated delivery model, working through existing structures within host institutions to strengthen programme ownership, beneficiary mobilisation, delivery effectiveness and sustainability.

At each host institution, OPOLO will coordinate with relevant structures including:

Entrepreneurship and Innovation Centres: for identification of entrepreneurs and startups, enterprise development, incubation, mentorship, innovation challenges and commercialisation support.
Career Services/Career Development Centres: for employability training, career coaching, internship opportunities, employer engagement, job matching and placement.
Student Affairs: for beneficiary mobilisation, communication with students, inclusion, welfare, safeguarding and coordination with student organisations.
Academic Departments/Faculties: for identifying suitable beneficiaries, faculty engagement, technical expertise and integration of innovation and entrepreneurship activities.
Research and Innovation Offices: for identifying research outputs and innovations with potential for product development and commercialisation.
Alumni Networks: to provide experienced professionals, entrepreneurs and industry leaders as mentors, speakers, employers, investors and market-access partners.

OPOLO has practical experience working within university environments through its relationships and innovation-hub activities at institutions including OAU, University of Ibadan, UNIBEN, Rivers State University, ATBU, Bayero University Kano, UNIOSUN and UNN/UNEC.

For each programme, OPOLO will establish a designated institutional focal person and programme coordination mechanism, ensuring regular engagement between OPOLO, institutional leadership and relevant departments.","OPOLO Global will adopt a collaborative engagement model that integrates institutional staff and faculty into programme mobilisation, delivery, mentorship and sustainability.

At each host institution, OPOLO will:

Appoint Institutional Focal Persons: Work with management to identify designated staff/faculty representatives to coordinate programme activities and communication with OPOLO.
Engage Relevant Faculties and Departments: Faculty members will support beneficiary identification, technical guidance, mentorship and identification of promising student innovations and research outputs.
Leverage Entrepreneurship and Innovation Centres: Staff will participate in entrepreneurship training, incubation, startup support and innovation activities.
Engage Career Services and Student Affairs: These units will support beneficiary mobilisation, employability activities, internships, employer engagement and student welfare.
Faculty as Mentors and Technical Experts: Qualified faculty members will be incorporated into the programme’s mentor and expert pool, complementing OPOLO’s industry professionals and entrepreneurs.
Capacity Building and Knowledge Transfer: OPOLO will provide relevant orientation, programme tools and knowledge-sharing sessions to institutional staff to strengthen their capacity to support beneficiaries beyond the programme period.
Regular Programme Reviews: Institutional representatives will participate in periodic review meetings to assess beneficiary progress, resolve implementation challenges and identify opportunities for improvement.

OPOLO’s experience working with institutions including OAU, University of Ibadan, UNIBEN, Rivers State University, ATBU, BUK, UNIOSUN and UNN/UNEC provides practical experience in coordinating programmes within university environments.

The objective is to create institutional ownership rather than a stand-alone intervention, ensuring that faculty and staff become active partners in programme delivery and that the knowledge, networks and support systems established through the programme remain within the institution after the intervention.","OPOLO Global will implement a structured, transparent and inclusive beneficiary identification and referral process in collaboration with each host institution.

Beneficiaries will be identified through multiple channels, including:

Host Institution Referrals: Entrepreneurship centres, career services, Student Affairs, faculties/departments and other designated institutional units will identify and refer eligible students, graduates, entrepreneurs and innovators.
Open Calls and Applications: Programme opportunities will be publicised through institutional communication channels, OPOLO platforms, social media and ecosystem networks to ensure broad access.
Faculty and Departmental Referrals: Faculty members will help identify promising talents, entrepreneurs, researchers and students with innovative ideas or relevant technical interests.
Innovation Hubs and Entrepreneurship Centres: Existing hubs and centres will refer entrepreneurs, startups and beneficiaries already participating in innovation and enterprise activities.
Student and Alumni Networks: Student associations and alumni networks will support programme awareness, mobilisation and referrals.
Ecosystem and Community Partners: OPOLO’s partner network will support targeted mobilisation, particularly for women, underserved groups and other priority beneficiaries.

All applicants will undergo a defined eligibility screening and baseline assessment based on programme requirements. Selection will consider factors such as eligibility, motivation, skills or enterprise needs, commitment to programme completion and applicable inclusion targets.

The beneficiary pathway will follow:

Mobilisation & Referral → Application → Eligibility Screening → Baseline Assessment → Selection → Onboarding → Programme Placement",yes,yes,"OPOLO Global uses a structured Monitoring, Evaluation, Reporting and Data Management framework to track programme implementation, beneficiary participation, outputs and outcomes across its programmes and innovation hubs.

Our monitoring and data-management approach includes:

Beneficiary Database: Captures registration, demographic information, gender, location, programme track, baseline information and beneficiary status.
Learning Management System (LMS): Supports course administration, learning materials, assignments, assessments, learner progress and completion tracking.
Digital Attendance Systems: QR-code attendance, digital registers, online session logs and facilitator-validated attendance records are used to monitor participation.
Baseline and Endline Assessments: Used to measure changes in beneficiary knowledge, competencies, employability and enterprise-development outcomes.
Programme Performance Dashboard: Tracks agreed KPIs including enrolment, attendance, completion, gender/inclusion, assessment performance, mentorship, internships, employment, startup progression and other programme outcomes.
Periodic Reporting: Programme teams provide structured weekly/monthly progress reports, while management reviews performance against agreed milestones, deliverables and targets.
Post-Programme Tracking: Beneficiaries are followed after programme completion to monitor employment, internships, entrepreneurship, business growth, market access and other economic outcomes.
Data Quality & Protection: Beneficiary information is subject to validation, controlled access, confidentiality and appropriate data-protection procedures.

OPOLO’s monitoring process follows the beneficiary journey:

Registration → Baseline → Attendance & Learning Progress → Assessment → Completion → Placement/Enterprise Outcomes → Post-Programme Tracking","OPOLO Global’s sustainability strategy is built around a diversified revenue model that reduces dependence on a single programme, donor or funding source while leveraging its innovation hubs, talent network, enterprise-support capabilities and institutional partnerships.

Key sustainability and revenue streams include:

Hub-as-a-Service (HMaaS): Partnerships with universities, government institutions and corporate organisations to establish, operate and manage innovation hubs and enterprise-support programmes.
Talent-as-a-Service (TaaS): Development and placement of skilled talent for employers, technology companies, BPO providers and other organisations through recruitment, outsourcing and placement arrangements.
Training & Capacity Development: Fee-based digital skills, entrepreneurship, workforce transformation and executive/corporate training programmes.
Incubation & Acceleration Services: Delivery of sponsored startup and MSME incubation, acceleration, investment-readiness and enterprise-development programmes.
Research, Innovation & Commercialisation (RICE): Supporting universities, researchers and innovators to translate research and intellectual property into commercially viable products and enterprises.
Corporate & Development Partnerships: Implementation of CSR, ESG, youth-employment, women-empowerment and innovation programmes funded by corporate organisations, development institutions and government agencies.
Advisory & Programme Management: Revenue from innovation advisory, ecosystem research, programme design, implementation, monitoring and technical-support services.
Hub Commercialisation: Progressive generation of revenue through training, events, workspace, enterprise services, technology services and other hub-based activities.

OPOLO will also strengthen sustainability by developing long-term institutional partnerships, employer and investor networks, alumni engagement and co-funded programmes that continue to provide opportunities for beneficiaries beyond the initial intervention.","OPOLO Global operates an employment-linked programme model designed to move beneficiaries beyond training into internships, jobs, freelancing, remote work and other income-generating opportunities.

Our pathway is:

Beneficiary Profiling → Skills Training → Practical Projects → Employability Preparation → Employer Engagement → Internship/Job Matching → Placement → Post-Placement Tracking

Key components include:

Early Career Profiling: Beneficiaries are profiled from onboarding to identify skills, career interests, competency gaps and suitable employment pathways.
Industry-Relevant Training: Training focuses on practical digital and workplace skills aligned with identified industry and employer requirements.
Portfolio & Work Experience: Beneficiaries undertake practical projects, challenges and assignments that demonstrate their capabilities to prospective employers.
Employability Preparation: Support includes CV development, LinkedIn/profile optimisation, interview preparation, workplace readiness, communication and career coaching.
Employer & Industry Linkages: OPOLO leverages its corporate and ecosystem network to identify internship, employment, BPO, freelance and remote-work opportunities.
Talent Matching & Referral: Qualified beneficiaries are assessed, profiled and matched to opportunities based on employer requirements and demonstrated competencies.
Internship-to-Employment Pathway: Internships and work-experience opportunities are used to provide beneficiaries with practical exposure and pathways into longer-term employment.
Post-Placement Tracking: OPOLO follows placed beneficiaries to monitor retention, career progression and employer feedback.

OPOLO has practical experience facilitating employment and internship opportunities for trained beneficiaries and has recorded 2,000+ placement opportunities across its talent-development and innovation programmes.",true,true,true,true,true,true,true,Benjamin Oladapo,Operations Director,2026-09-23 18:33:15.494+00,2026-09-23 18:33:15.494+00,2026-09-10 18:49:11.066296+00,2026-09-23 18:33:16.128399+00
6e04f3d0-1159-41c4-9f44-ed31e1cd256e,3461ca1d-36ec-4a44-b9cc-be6136a07aeb,04e34081-9746-4d77-a729-c21c75147b8b,IDICE-NC-FCT-0001,DRAFT,FCT,Netkings Digital Connect Limited,,,,,,,,,[],,,,,,[],,,,,,,,,,,,,false,false,false,false,false,false,false,,,,,2026-09-14 17:12:13.068572+00,2026-09-14 17:12:13.068572+00
6e16991d-6b63-4a88-84c6-c3f120a438ef,10c252df-1f1a-404d-bc51-019dbe21d179,00605d6a-980d-406e-a669-c49fc93044cd,IDICE-NC-PLA-0001,DRAFT,Plateau,nHub,registered_entity,2017,Innovation Hub,nhubnigeria.ng,Theodore Longji,CEO,8068897177,longji@nhubnigeria.ng,"[""Plateau""]",,,,,,[],,,,,,,,,,,,,false,false,false,false,false,false,false,,,,,2026-09-07 18:08:48.903291+00,2026-09-14 07:38:35.519723+00
6e817a58-de65-425a-a93c-c560df09522a,bacc9b99-75e5-4eef-abc6-2f6b3a4fd1f8,00605d6a-980d-406e-a669-c49fc93044cd,IDICE-NC-PLA-0001,SUBMITTED,Plateau,nHub Incubator And Accelerator LTD,registered_entity,2017,Incubators and Accelerators,https://nhubnigeria.ng/,Bashir Sheidu,Chief Operation Officer,08068640710,bashir@nhubnigeria.ng,"[""Plateau""]","3rd Floor Taen Business Complex Opposite Old NITEL office, Old Airport Road Jos South.",lt_15,2523241189223,10 - Full Time           15 - Part Time,"nHub Governance Structure
Level 1 — Strategic Governance
Board / Advisory Board
•	Provides strategic oversight 
•	Approves organizational strategy and major investments 
•	Provides governance, accountability and risk oversight 
•	Supports institutional partnerships and business development 
•	Reviews CEO performance and organizational performance 
Level 2 — Executive Management
Chief Executive Officer — Theodore Longji
•	Overall strategic leadership 
•	Organizational vision and growth 
•	Strategic partnerships 
•	Business development 
•	Corporate representation 
•	Performance oversight 
Chief Operating Officer — Bashir Sheidu
•	Overall operational management 
•	Implementation of strategy 
•	Coordination of departments 
•	Programme and service delivery 
•	Human resources and operational performance 
•	Internal coordination and reporting 
Level 3 — Functional Management
Reporting to the COO:
Function	Lead
Technology / CTO	Olumide
Incubation & Finance	Eric Nanle
Projects	Salome Solomon
Training	Fon Desmond
Legal & Compliance	Nathan Pankyes
Administration	Salamatu Ceesay
Monitoring & Evaluation	Ose Umolu
Community	Shamsiyya Bashir
Partnerships / Business Development	 Janet Bello

Level 4 — Delivery & Technical Teams
These teams sit under the relevant functional heads:
Technology / CTO
•	Frontend Development 
•	Backend Development 
•	Full-Stack Development 
•	Mobile Development 
•	Data Science / Data Analysis 
•	UI/UX & Product Design 
•	Cybersecurity & Networking 
•	IoT / Embedded Systems 
•	AR/VR 
•	AI / Emerging Technologies 
Training
•	Master Trainers 
•	Trainers / Facilitators 
•	Teaching Assistants 
•	Curriculum Development 
•	Learner Support 
Incubation
•	Startup Incubation 
•	Accelerator Programmes 
•	Mentorship 
•	Product Development 
•	Business Model Development 
•	Startup Support 
Projects
•	Programme Managers 
•	Project Officers 
•	Community Engagement 
•	M&E 
•	Reporting","[""Technology"",""Hybrid"",""Entrepreneurship""]","Past Cohorts, Programmes Delivered and Outcomes

nHub Nigeria has, since its establishment in 2015, built a strong track record of delivering structured entrepreneurship, incubation, acceleration, digital skills and enterprise-development programmes for young people, startups and MSMEs. Our experience combines cohort-based training with practical mentorship, business development support, technology enablement, market linkage and investment readiness.

One of our major entrepreneurship interventions was the Next Economy Programme (2016–2020), through which nHub supported young Nigerians with entrepreneurship, employability, business development and mentoring. The programme trained more than 1,000 young people according to nHub programme records, while its entrepreneurship component supported participants to develop and validate business ideas. nHub also facilitated crowdfunding capacity-building, with participating entrepreneurs reportedly mobilising more than ₦20 million in equity-free funding. The programme established an important foundation for nHub’s subsequent incubation and acceleration model.

nHub subsequently participated in Facebook’s 8-week incubation programme in 2019, working with selected Nigerian hubs to support startups through practical training, mentorship, prototype development and business-model refinement. This strengthened our capacity to manage structured startup cohorts and provide founders with hands-on technical and entrepreneurial support.

Through iHatch Cohort 4, implemented under the Office for Innovation and Digital Development (ONDI), nHub has continued to provide structured incubation support to emerging entrepreneurs. The programme combines founder development, mentorship, business-model refinement, validation and ecosystem connections, reinforcing nHub’s role as a startup-support organisation.

nHub has also delivered extensive development-partner-supported entrepreneurship and MSME programmes. Under GIZ/SEDIN, nHub has implemented entrepreneurship and innovation activities using structured cohort models, including the ICSS (Inspire, Create, Start and Scale) methodology. Participants receive practical entrepreneurship training, coaching, business-development support and linkages to relevant ecosystem actors. nHub has also developed and delivered digital-business capacity building for MSMEs, covering digital productivity, digital marketing, business tools, cybersecurity and technology adoption.

In 2026, nHub is implementing the iDICE Startup Bridge/Founders Lab ecosystem, supporting selected founders through onboarding, founder development, mentoring, business-model development, ecosystem networking and market/investment-readiness activities. Founders assigned to nHub operate across sectors including agriculture technology, AI/IoT, education technology, data analytics and other technology-enabled businesses.

Across these programmes, nHub’s approach has evolved from skills training to a more complete venture-development pipeline: selection and onboarding → entrepreneurship training → validation → mentorship/coaching → product/business development → market linkage → investment readiness.

The outcomes of this experience include trained entrepreneurs, strengthened startup capabilities, prototypes and business-model development, access to mentors and ecosystem partners, improved digital adoption among MSMEs, and stronger linkages between founders and markets, investors and support institutions. This cumulative experience positions nHub to deliver an effective, structured and measurable ESO programme under iDICE.","Partner / Network	Nature of relationship / relevance
GIZ / GIZ-SEDIN / GOPA: Entrepreneurship, MSME development, digitalisation, ICSS and business-development programmes

Bank of Industry (BOI); iDICE implementing agency and key ecosystem/enterprise-finance institution

African Development Bank (AfDB); iDICE financing partner; broader digital entrepreneurship ecosystem
Agence Française de Développement (AFD); iDICE financing and development partner
Islamic Development Bank (IsDB); iDICE financing and development partner

NITDA / Office for ICT Innovation & Entrepreneurship	National digital ecosystem, policy, skills and innovation network
Federal Ministry of Communications, Innovation & Digital Economy	National digital economy ecosystem

Google	Digital skills, developer/community ecosystem and technology capacity building
Meta / Facebook	Digital skills and startup incubation; nHub participated in Facebook’s incubation ecosystem
Microsoft Technology skills and productivity/digital-skills ecosystem
Industrial Training Fund (ITF)	Internship, skills and workforce-development ecosystem

World Bank	Digital economy and entrepreneurship ecosystem; nHub participates in development-partner programmes

JICA Digital/startup ecosystem development and ecosystem research/engagement

UNDP	Digital skills, entrepreneurship and development ecosystem
Plateau State Government / relevant MDAs	Local government, innovation, MSME and youth-development ecosystem
Nigerian Air Force, Jos	Institutional technology solution/client relationship
Plateau State Internal Revenue Service	Institutional technology solution/client relationship
Kaduna Electricity Distribution Company (KAEDCO)	Technology solution/client relationship
Jos Business School; Training and entrepreneurship ecosystem; current digital-skills programme collaboration

Digital Bridge Institute (DBI); Digital skills and capacity-building ecosystem

PLASMEDA	MSME and enterprise-development ecosystem

SBTS Group; Entrepreneurship/business-development and training ecosystem
Network of Northern Incubators & Accelerators (NNIA)	Northern Nigeria incubation/acceleration ecosystem

AfriLabs / African innovation-hub ecosystem	Pan-African hub and innovation network

HackJos Community	Long-running innovation, hackathon and founder/developer network

Google Developer Groups / GDG ecosystem Developer community and technical events hosted/supported by nHub

Flutter / developer community	Mobile-development and developer ecosystem
iDICE Startup Bridge;	Current national founder-development and investment-readiness ecosystem

ONDI / NITDA innovation ecosystem	Incubation and startup-support programmes including iHatch","nHub will use targeted mobilisation, inclusive selection and retention measures to achieve at least 40% female participation and 5% participation from NEET (Not in Education, Employment or Training) youth.

**Female participation:** We will set the 40% target at recruitment stage and monitor it throughout the enrolment process. Recruitment will be conducted through women-focused communities, universities, youth organisations, social media, community networks and existing programmes such as PlaceHer. Programme communications will use inclusive messaging and highlight female role models and mentors. Where female applications are below target, additional targeted outreach will be conducted before final selection.

**NEET youth:** The programme will identify and prioritise eligible unemployed and out-of-school young people through community organisations, youth networks, employment-focused platforms, local institutions and referrals from ecosystem partners. Recruitment will clearly communicate the practical employment and entrepreneurship outcomes of participation.

**Retention:** Flexible onsite, online and hybrid delivery will reduce participation barriers. Participants will receive orientation, mentorship, learner support and regular engagement. Attendance and completion data will be disaggregated by gender and participant category to identify gaps early.

**Monitoring:** nHub will establish participation targets at cohort level and review recruitment, attendance, completion and progression data throughout implementation. Where targets are not being met, mobilisation and participant-support strategies will be adjusted promptly. Post-training tracking will monitor internship, employment, entrepreneurship and further-learning outcomes.","nHub has established and sustained relationships with key host institutions across Plateau State and the wider North-Central innovation ecosystem. These relationships provide direct access to prospective founders, entrepreneurs, students, MSMEs, technical talent, mentors and ecosystem stakeholders.

At the institutional level, nHub works with Plateau State Government and relevant MDAs, supporting youth development, digital skills, innovation and MSME-focused initiatives. This provides an important local-government channel for mobilisation, stakeholder engagement and ecosystem coordination.

nHub also has an established working relationship with Jos Business School, through which we collaborate on entrepreneurship and digital-skills programmes, including current development-partner-supported initiatives. This relationship provides access to students, graduates, entrepreneurs, trainers and business networks.

Our relationship with the Digital Bridge Institute (DBI) provides an additional channel for technical training, digital capacity development and access to technology-focused participants and professionals.

nHub has also worked closely with GIZ/SEDIN/GOPA and other development partners on entrepreneurship, MSME development, business-development services and structured cohort programmes. These relationships provide access to enterprise networks, trainers, mentors, MSMEs and other ecosystem actors.

Through NITDA/ONDI and the iHatch ecosystem, nHub has developed experience working within Nigeria’s national innovation and incubation network. Our participation in iDICE Startup Bridge/Founders Lab further provides direct experience engaging founders through structured onboarding, incubation, mentoring, networking and business-development activities.

nHub’s long-running HackJos platform provides an additional founder-sourcing and innovation network. Since 2015, HackJos has connected developers, entrepreneurs, students, designers, mentors, investors, corporates, government institutions and other ecosystem stakeholders in Northern Nigeria.

nHub is also connected to the Network of Northern Incubators and Accelerators (NNIA) and wider African innovation networks, enabling cross-referrals, knowledge exchange, mentor access and opportunities for founders beyond Plateau State.

These relationships give nHub multiple channels for founder mobilisation, institutional referrals, training venues, mentorship, technical support, business linkages and ecosystem partnerships. They also reduce reliance on a single recruitment channel and enable nHub to reach founders from universities, existing businesses, technology communities, MSME networks and underserved groups across Plateau State and the wider North-Central region.","nHub will implement the ESO programme by integrating with existing institutional, entrepreneurship and innovation structures across Plateau State and the wider North-Central ecosystem. Rather than creating parallel systems, we will leverage established institutions, networks, facilities and referral channels to improve founder mobilisation, selection, capacity development and post-programme support.

At the state level, nHub will coordinate with the Plateau State Government and relevant MDAs responsible for youth development, innovation, MSME development, education and economic development. These relationships will support stakeholder mobilisation, referrals, information sharing and alignment with state development priorities.

nHub will also work with established education and skills institutions, including Jos Business School and Digital Bridge Institute, to access students, graduates, entrepreneurs, trainers and technical talent. Universities, tertiary institutions and existing innovation communities will serve as additional channels for identifying and referring prospective founders.

Through our existing relationships with GIZ/SEDIN/GOPA, NITDA/ONDI, development partners and ecosystem organisations, nHub will align programme delivery with established entrepreneurship-development methodologies, business-development services and innovation-support mechanisms. Where appropriate, founders will be referred to specialised providers for legal, financial, technical, market and investment support.

nHub will leverage its HackJos, incubation, acceleration and founder-development networks for outreach, mentoring and ecosystem engagement. Our connections with the Network of Northern Incubators and Accelerators (NNIA) and wider innovation networks will facilitate referrals and access to expertise beyond Plateau State.

The programme will also maintain clear coordination with the wider iDICE ecosystem and implementing structures, ensuring that founder selection, reporting, milestones, mentorship, monitoring and referrals are aligned with programme requirements.

Internally, nHub will use a dedicated programme coordination structure covering programme management, founder support, monitoring and evaluation, technical assistance, communications and partnerships. Progress will be tracked through defined milestones and regular reporting.

This coordinated approach will enable nHub to use existing institutional capacity efficiently, avoid duplication, strengthen referral pathways and create a sustainable support ecosystem for founders beyond the duration of the programme.","nHub will engage institutional staff, faculty, entrepreneurship officers, career services units, ICT departments, student-affairs units and relevant business-development personnel as strategic referral partners throughout the programme cycle.

Before each cohort, nHub will conduct targeted sensitisation with participating institutions through briefings, information sessions, digital communication materials and direct engagement with designated institutional focal persons. Staff and faculty will be provided with clear eligibility criteria, programme benefits, application timelines and referral procedures so they can identify and recommend suitable candidates.

Beneficiaries will be identified through multiple channels to ensure broad and inclusive outreach. These will include referrals from universities and tertiary institutions, entrepreneurship and innovation centres, MSME associations, existing nHub programmes, HackJos and developer communities, GIZ/SEDIN and other ecosystem networks, government institutions, youth organisations, women-focused networks and direct applications through approved programme channels.

Institutional staff and faculty will be encouraged to identify candidates demonstrating entrepreneurial interest, an existing business or viable technology-enabled idea, commitment to programme participation and potential for growth. Referral partners will not make the final selection; all referred candidates will pass through the approved screening and selection process to ensure transparency and consistency.

nHub will establish institutional focal persons who will serve as communication links between the ESO and participating institutions. These focal persons will support dissemination of opportunities, mobilisation of candidates, coordination of information sessions and follow-up with referred beneficiaries.

We will also use a structured referral and tracking system to record the source of each applicant, institution, sector, stage of business, gender and other relevant programme indicators. This will enable nHub to monitor the effectiveness of referral channels and identify gaps in representation.

Following selection, institutional partners will remain engaged through progress updates, founder showcases, networking events, mentorship opportunities and referrals to relevant institutional resources.

This approach creates a sustainable pipeline in which institutions continuously identify and refer potential founders, while nHub provides the structured screening, entrepreneurship support, incubation, mentorship and ecosystem linkages required to help beneficiaries progress.","nHub will use a multi-channel, transparent and inclusive beneficiary identification and referral system to build a strong pipeline of eligible founders and entrepreneurs.

Potential beneficiaries will be identified through existing nHub networks and programmes, including HackJos, incubation and acceleration activities, alumni networks, developer communities and previous entrepreneurship cohorts. Additional candidates will be sourced through universities and tertiary institutions, entrepreneurship centres, MSME associations, youth and women-focused organisations, government institutions, community networks, development partners and other ecosystem organisations.

nHub will conduct targeted outreach through information sessions, institutional referrals, digital campaigns, social media, partner networks and direct community engagement. Particular attention will be given to reaching women, young entrepreneurs, underserved communities and founders outside the traditional technology ecosystem.

Institutional and ecosystem partners will be provided with clear eligibility criteria and referral information. They will nominate or refer prospective beneficiaries through a standard application/referral process. Direct applications will also be accepted through the approved programme channel to ensure that participation is not limited to institutional referrals.

All candidates will undergo a structured screening process based on the approved iDICE eligibility and selection criteria. Screening will consider factors such as entrepreneurial commitment, business or idea viability, innovation/technology potential, growth prospects, sector relevance and availability to participate fully in the programme. Referral by a partner will not guarantee selection.

nHub will maintain a beneficiary pipeline and referral database capturing applicant source, institution/community, business stage, sector and relevant demographic information. This will allow us to monitor outreach effectiveness, avoid duplication and identify gaps in representation.

Selected beneficiaries will receive formal onboarding and orientation, while unsuccessful but promising applicants may, where appropriate, be connected to other relevant nHub or ecosystem opportunities.

This approach combines nHub’s established founder networks with open outreach and institutional referrals, ensuring a broad, transparent and repeatable pipeline of qualified beneficiaries for the iDICE programme.",yes,no,"nHub has over a decade of experience supporting entrepreneurs and technology-enabled businesses through incubation, acceleration and Business Development Services (BDS), evolving from a developer community established in 2015 into a structured startup-support and innovation ecosystem.

Our incubation model combines entrepreneurship training, business-model development, customer validation, product development, mentorship, technical assistance, market access, financial readiness and ecosystem linkages. Through programmes such as Next Economy (2016–2020), nHub supported young entrepreneurs with business development, mentoring, employability and entrepreneurship development. The programme also introduced participants to alternative financing and crowdfunding, with nHub reporting more than ₦20 million mobilised by participating entrepreneurs.

nHub subsequently delivered and participated in structured incubation initiatives, including the Facebook Incubation Programme, an 8-week programme supporting startups through practical training, mentorship, prototyping and business-model refinement. nHub has also participated in ONDI/NITDA’s iHatch Cohort 4, providing founders with structured incubation, mentoring, validation and ecosystem support.

Under GIZ/SEDIN/GOPA, nHub has delivered entrepreneurship and MSME-focused Business Development Services using structured methodologies including the ICSS (Inspire, Create, Start and Scale) approach. Support has included entrepreneurial mindset development, opportunity identification, business modelling, financial literacy, digitalisation, business formalisation, market development, coaching and mentoring.

nHub’s current incubation portfolio includes the iDICE Startup Bridge/Founders Lab, where assigned founders receive onboarding, founder development, business-model support, mentoring, technical assistance, networking and investment-readiness support. Founders supported through the programme operate across areas including agriculture technology, AI/IoT, education technology and data/analytics.

Our BDS approach is practical and founder-centred. Depending on business stage and needs, founders may receive support in business strategy, value proposition development, customer discovery, product development, digital adoption, branding and marketing, financial management, bookkeeping, business registration, pitch development, market linkage, partnerships and access-to-finance preparation.

nHub also leverages its HackJos, alumni, mentor, developer and wider innovation networks to connect businesses with technical experts, ecosystem partners, potential customers and other support providers.

Across these interventions, nHub has developed a repeatable pipeline of diagnosis → incubation → validation → mentorship → business development → market linkage → acceleration/investment readiness, supported by monitoring and milestone tracking. This experience provides a strong operational foundation for delivering iDICE ESO services to founders at different stages of development.","nHub’s sustainability strategy is built around a diversified operating model that combines earned income, programme partnerships, institutional contracts and ecosystem-based revenue opportunities. This reduces dependence on any single donor or programme and enables continued support to entrepreneurs beyond individual project cycles.

1. Commercial technology services: nHub generates revenue through software development, mobile and web applications, digital infrastructure, ICT solutions, technical consulting and related services for public, private and development-sector clients.

2. Training and professional development: nHub offers fee-based technical and digital-skills training for individuals, organisations and institutions, covering software development, data, cybersecurity, digital marketing, product design and other emerging technologies. Scholarships and donor-funded training are used alongside commercial programmes to maintain inclusive access.

3. Incubation, acceleration and BDS: nHub will increasingly develop paid incubation, acceleration and Business Development Services for startups, MSMEs, corporates and institutions. Services will include business diagnostics, strategy, financial management, digitalisation, market development, investment readiness and specialised technical support.

4. Corporate and institutional partnerships: nHub will pursue service agreements with corporations, government institutions, universities, financial institutions and development organisations for workforce development, innovation challenges, digital transformation and entrepreneurship programmes.

5. Co-working and innovation infrastructure: nHub’s physical facilities can generate recurring income through co-working, meeting/event facilities, training spaces, technical infrastructure and related ecosystem services.

6. Startup and ecosystem services: Through its incubation and acceleration activities, nHub will develop sustainable services around founder support, innovation challenges, corporate-startup engagement, market linkage and investment-readiness programmes.

7. Partnerships and grant funding: Development-partner funding will remain an important source for inclusive programmes and underserved beneficiaries. However, nHub will prioritise multi-year partnerships and blended-financing models rather than relying solely on short-term grants.

8. Alumni and ecosystem network: nHub’s growing alumni, mentor, founder and institutional networks will provide opportunities for referrals, partnerships, sponsorship, paid expert services and continued post-programme engagement.

For iDICE, nHub will use the programme to strengthen its institutional systems, mentor network, BDS capacity, founder pipeline and digital monitoring infrastructure. The objective is to ensure that capabilities developed through iDICE remain embedded within nHub’s wider incubation and enterprise-support platform and continue serving founders after the project period.

This diversified model provides multiple revenue streams while preserving nHub’s ability to deliver inclusive entrepreneurship support and maintain a sustainable innovation ecosystem in Northern Nigeria.","nHub will establish a structured employment pathway that moves beneficiaries from skills development into practical work opportunities, internships, apprenticeships, freelance engagements, and formal employment. The pathway will be integrated into programme delivery from the beginning rather than treated as an activity at the end of training.

1. Skills and career profiling: During onboarding, beneficiaries will be assessed based on their existing skills, interests, career goals, education, experience and preferred areas of work. This will enable nHub to identify employment-ready participants and the specific skills gaps that need to be addressed.

2. Job-readiness development: In addition to technical and entrepreneurial training, beneficiaries will receive practical support in CV development, portfolio building, LinkedIn and professional profiles, communication, teamwork, interview preparation, workplace behaviour and digital professionalism.

3. Industry matching: nHub will maintain an employer and industry opportunity pipeline covering technology companies, MSMEs, startups, professional service firms, development organisations and other relevant institutions. Beneficiaries will be matched to opportunities based on their skills and employer requirements.

4. Practical experience: Where feasible, nHub will facilitate internships, apprenticeships, project-based assignments, volunteering, freelance opportunities, workplace exposure and startup placements. Participants will be encouraged to demonstrate their capabilities through real projects and portfolios.

5. Employer engagement and placement: nHub will organise employer engagement sessions, career conversations, networking events, recruitment referrals and targeted introductions. Employers will be able to review suitable participant profiles and assess candidates through interviews, practical assignments or other appropriate selection processes.

6. Entrepreneurship-to-employment pathway: Beneficiaries who develop viable businesses will also be supported to become job creators. Through incubation, BDS, market linkage and business growth support, promising enterprises can progress from self-employment toward creating additional employment opportunities.

7. Tracking and follow-up: nHub will maintain an employment/outcome tracker covering referrals, interviews, internships, placements, self-employment and subsequent employment. Follow-up will be conducted after placement to document outcomes, identify retention challenges and provide additional support where appropriate.

This approach creates a measurable pathway from training → skills verification → job readiness → industry exposure → employer matching → placement/self-employment → sustained employment, while maintaining flexibility for beneficiaries pursuing different career and enterprise pathways.",false,true,true,true,true,true,true,Bashir Sheidu,Chief Operations Officer,2026-09-30 17:21:13.697+00,2026-09-30 17:21:13.697+00,2026-09-03 16:28:15.169207+00,2026-09-30 17:21:14.1243+00
6f513ed6-8d50-4c80-becb-3c2a230d8ec4,984fc179-7631-445d-b6b3-d22defe6de41,e1012e27-3058-4443-85c2-2eec0ee79a76,IDICE-NC-PLA-0001,DRAFT,Plateau,Kopson Global LIMITED,institutional_unit,2026,Incubators and Accelerators,www.kopsonglobal.com.ng,Mrs. Mercy Sylvanus,CEO,07063117626,mercysylvanus0305@gmail.com,"[""Nasarawa"",""Plateau"",""Niger""]","No. 1a Mining Gate Rantya Jos South, Plateau state
Millionaire",lt_15,2623193060081,Mallo Patricia,,[],,,,,,,,,,,,,false,false,false,false,false,false,false,,,,,2026-09-07 15:29:35.50783+00,2026-09-12 10:53:18.456597+00
718b0c06-5859-414b-b269-30a2dd9c4768,57e460e5-5032-4a8a-bdc2-7511bc07fb17,81e4d3e6-a12d-4761-8d1d-89057ff42ea9,IDICE-NC-KWA-0001,SUBMITTED,Kwara,FOUNDERSHUB INTEGRATED LIMITED,registered_entity,2016,Incubators and Accelerators,www.foundershub.xyz,Toluwani Ogundele,Executive Director,09065286099,toluwani@foundershub.xyz,"[""Kwara""]","121 Muritala Muhammed way, Olanrewaju Building, Post-office, Ilorin, Kwara state",lt_15,2522511383714,7,"Founders Hub Africa operates through a clear leadership and functional management structure designed to ensure accountability, effective decision-making and proper oversight of its programmes and operations. The organisation is led by the Chief Executive Officer (CEO), who provides overall strategic direction and organisational oversight. The Executive Director works directly with the CEO and is responsible for translating the organisation’s strategic priorities into operational plans and coordinating programme delivery.

The Executive Director oversees three key functional areas: Programme Management, Finance and Human Resources. The Programme Manager is responsible for programme planning, coordination and implementation, and supervises Facility Officers supporting operational delivery. The Finance Manager oversees financial administration, budgeting, expenditure tracking and financial accountability, while the HR Manager supports people management, staffing and organisational administration.

This structure establishes clear reporting lines, separation of responsibilities and accountability across the organisation. Programme decisions are coordinated through the Executive Director and Programme Manager, while financial and administrative activities are managed through the relevant functional leads. The CEO provides senior-level oversight and ensures that major organisational decisions remain aligned with Founders Hub Africa’s strategic objectives.

For programme implementation, Founders Hub Africa will constitute a delivery team with clearly assigned roles and responsibilities, supported by the organisation’s existing management structure. Programme activities, financial resources, participant management and stakeholder engagements will be documented and monitored to ensure transparency, effective use of resources and timely delivery.

The governance approach is therefore built around strategic oversight at the executive level, functional accountability and clear operational reporting, enabling Founders Hub Africa to maintain effective control over programme delivery while responding efficiently to the needs of beneficiaries and ecosystem stakeholders.","[""Technology"",""Entrepreneurship"",""Industry linkage""]","Founders Hub Africa has experience delivering entrepreneurship, technology, digital skills and SME-focused programmes in collaboration with several government institutions, development organisations, technology companies and ecosystem partners.
Among these is the DeepTech Ready Programme, where we supported the delivery of a Data Science programme that trained 100+ students in practical data science skills and provided exposure to technology and innovation opportunities.
Through iHatch, a programme under NITDA, Founders Hub Africa served as the Kwara State hub partner, supporting 5 local startups through the programme. 2 of the supported startups progressed to the regional competition, providing them with further exposure and opportunities within the programme.
We have also partnered on programmes and initiatives including Startup Nigeria, PADEC with ISN and GIZ, SME-focused programmes with Bumpa, and technology community initiatives with Andela, among others.
Beyond partner-led programmes, Founders Hub Africa runs founder-focused initiatives such as Founders Insights, which brings together 100+ founders, entrepreneurs and ecosystem stakeholders for practical conversations, learning and networking. We also serve as an ecosystem partner and local enabler for Founders Friday Ilorin, supporting the growth and connection of founders within the Kwara ecosystem.","Founders Hub Africa has an active network spanning government institutions, development organisations, technology companies, investors, founders, mentors, innovation hubs and industry professionals. Our existing ecosystem relationships include NITDA, GIZ, ISN, Andela, Bumpa, 3MTT, Data Science Nigeria and other partners across the technology and entrepreneurship ecosystem.
Through these relationships and our founder community, we can provide participants with access to experienced mentors, industry practitioners, entrepreneurs and investors for technical guidance, business development, market access, investment readiness and ecosystem connections. We will also continue to expand this network throughout programme delivery.","Founders Hub Africa will make inclusion a measurable part of recruitment and programme delivery, with the 40% female participation and 5% NEET youth targets established as core recruitment KPIs.
We will use targeted outreach through women-focused and youth organisations, universities and tertiary institutions, innovation hubs, community networks, social media and our existing ecosystem partners to reach eligible participants, particularly young women and young people who are not currently in employment, education or training.
We will use a simple and accessible application process and provide clear programme information through multiple channels. Participant demographics will be monitored during recruitment and onboarding, and targeted outreach will be intensified where participation falls below the required targets.
We will also track attendance, engagement and completion throughout the programme to identify and address barriers to participation, ensuring that inclusion is reflected not only in recruitment but in sustained participation and completion.","Founders Hub Africa has an existing relationship with the University of Ilorin and looks forward to further strengthening this relationship through the iDICE programme. Through the programme, we will work closely with relevant university structures to identify, engage and support eligible learners, while creating stronger pathways between the institution, its students and the wider entrepreneurship and innovation ecosystem.","Founders Hub Africa will coordinate with relevant structures within the University of Ilorin, including entrepreneurship and innovation centres, career services, student support structures, mentorship units and relevant academic departments. Coordination will involve early engagement with designated institutional representatives, alignment of programme activities with the institution’s calendar, support for participant mobilisation and referrals, and regular communication throughout implementation. We will work with the host institution to ensure that programme delivery complements existing entrepreneurship, employability and innovation initiatives.","Founders Hub Africa will engage relevant staff and faculty members as institutional focal points, programme referral partners, mentors and ecosystem connectors. Selected staff will be briefed on the programme objectives, eligibility criteria, application process and expected outcomes so they can effectively support mobilisation and referrals. Where relevant, faculty and staff with entrepreneurship, technology, business or innovation expertise may also be invited to contribute as mentors, facilitators or guest speakers.","Beneficiaries will be identified through targeted outreach across the host institution, including student communities, relevant academic departments, entrepreneurship and innovation centres, career services, student networks and faculty referrals. The programme opportunity will also be promoted through institutional communication channels and Founders Hub Africa’s ecosystem networks. Interested participants will complete the required application process, after which eligibility and programme fit will be assessed. Where appropriate, institutional staff will support referrals of eligible students and young people who meet the programme criteria.",yes,no,"We use Google Forms for participant registration and data collection, Google Sheets/Excel for participant records, tracking and basic reporting, Google Drive for documentation and records management, and Email and Slack for participant communication and follow-up. We also use Linear for programme and task management where applicable.","Founders Hub Africa will sustain programme delivery through a diversified model combining strategic partnerships, grants, sponsorships, programme partnerships, paid capacity-building and founder-focused services. We will continue to build relationships with government institutions, development organisations, corporates and ecosystem partners while developing sustainable revenue streams around our entrepreneurship, training and innovation programmes. This approach will reduce dependence on a single funding source and support the continuity and expansion of our programmes.","Founders Hub Africa will connect beneficiaries to employment and income opportunities through industry engagement, practical skills development, mentorship, project-based learning and career support. Participants will be exposed to industry practitioners, employers, founders and technology companies, with opportunities for internships, freelance engagements, referrals, apprenticeships and full-time employment where available. We will also support beneficiaries with CV development, professional positioning, interview preparation and access to relevant job and opportunity networks.",false,true,true,true,true,true,true,Toluwani Ogundele,Executive Director,2026-09-13 12:48:08.929+00,2026-09-13 12:48:08.929+00,2026-09-10 07:31:58.846039+00,2026-09-13 12:48:09.703004+00
7308e392-97e7-477c-9a9c-929eacde3db1,44d8822c-d58b-4167-b0cd-ae93be164ea4,1c510fe8-ad6d-4204-84ec-7562eb5900c5,IDICE-NC-NIG-0001,SUBMITTED,Niger,Labspace By JD Lab,registered_entity,2022,Innovation Hub,https://www.joinlabspace.com,Nafisat Abubakar Aguye,Programs/Hub Manager,07035940302,nafisat.abubakar@jdlab.ng,"[""Niger""]","No. 44, Sarki Muhammad Bello Street, Brighter Area School, Minna, Niger State.",15_30,312197590001,4 full time/ 4 part-time,"Labspace operates under a structured governance architecture designed to comply with the Companies and Allied Matters Act (CAMA 2020) and address the operational peculiarities of running an innovation hub and ecosystem support organization (ESO) in Nigeria. The governance framework maintains a clear operational boundary between ownership, strategic oversight, and daily execution, ensuring that management operates strictly within delegated authority while key stakeholders retain necessary controls.

The governance structure comprises four primary tiers: the Shareholders, who hold primary ownership rights and decide fundamental corporate transformations; the Board of Directors, which exercises strategic oversight, risk management, and fiduciary responsibilities; Executive Management, spearheaded by the CEO/Managing Director to drive daily execution; and specialized bodies such as Board Committees, an optional non-fiduciary Advisory Board for technical domains like AI and clean energy, and ecosystem entities.

The Board of Directors functions as a cohesive fiduciary unit tasked with setting long-term strategy, ensuring regulatory compliance (including the Nigeria Startup Act 2022, tax regulations, and data protection laws), and monitoring financial sustainability. To maintain objective oversight, the framework incorporates Non-Executive Directors (NEDs) and Independent Non-Executive Directors (INEDs) appointed through a formal nomination process, subject to fixed three-year terms capped at a maximum of six to nine years, alongside mandatory retirement by rotation.

Rigorous controls govern financial management, capital raising, and risk mitigation. Executive management must adhere to a Board-approved Delegation of Authority Matrix, maintain strict segregation of financial duties, enforce dual-authorization thresholds, and comply with Anti-Money Laundering (AML) and Special Control Unit Against Money Laundering (SCUML) guidelines due to handling international donor grants and multi-currency transactions. Furthermore, strict policies govern conflict of interest, related-party transactions, and the protection of intellectual property.

To protect foundational interests, the framework establishes a Reserved Matters Matrix. While standard corporate transformations require general shareholder approval, the framework grants specific veto and control protections to the Principal Founder (while holding at least 51% of ordinary shares) over anti-dilution, board and executive control, asset and IP protection, and material financial commitments. Unresolved deadlocks are subjected to executive negotiation, mediation, and binding arbitration in Lagos, ensuring stability and business continuity for the organisation.","[""Technology"",""Entrepreneurship"",""Research support"",""Industry linkage"",""Hybrid""]","At Labspace by JD Lab, our work centers on taking early-stage founders, women-led enterprises, and young innovators from initial concepts to operational, market-ready ventures. Over successive cohorts, we have managed every phase of the venture development cycle, including candidate sourcing, screening, incubation, technical mentorship, pitch preparation, and long-term outcome tracking.

1. iHatch for Startups (Cohort 4, Niger State) (2025): Served as the regional execution hub for four selected startups—Smart Agro, Bluupay, Synopsix, and SchoolSQL. Over three months, we delivered founder onboarding, business model refinement, and ecosystem engagement, supporting these teams through MVP validation and market testing.

2. iDICE Startup Bridge – Founders Lab (2026): Acted as the Niger State host hub, coordinating founder onboarding, incubation sessions, operational mentoring, and Demo Day showcases. This direct involvement grounded our team in iDICE’s venture-building framework, milestone tracking, and delivery standards.

3.0 TechXpreneur (Women-Led SME Accelerator) (2023-date): Designed and executed targeted cohorts for female entrepreneurs, focusing on practical financial management, AI tool integration, business intelligence, and pitch readiness. Delivered alongside partners like the Bank of Industry (BOI) and local MSME agencies to connect participants directly to credit facilities and commercial opportunities.

4.0 National Hybrid SIWES (NHS) Program (2024-2026): Managed a multi-state experiential learning model designed to connect tertiary learning with industry demand. Our team handled hub onboarding, facilitator selection, campus ambassador recruitment, and digital learning administration—scaling the program to review 52 hub applications and successfully deploy across 15 host hubs in 15 states.

5.0 National Girls in ICT Competition (2024-2026): For 4 cohorts, Labspace supported the preparation and mentorship of the Niger State teams for the National Girls in ICT Competition. One of the teams developed Hemobank, an MVP addressing blood availability challenges, and achieved 4th place nationally during the 2025 cohort. This demonstrates our capacity to identify promising innovators, strengthen their solutions and prepare them for pitching and competitive opportunities.

Our experience goes beyond traditional classroom instruction. We have established systems for building venture pipelines, managing mentor pools, coordinating distributed partners, and navigating the operational realities of supporting early-stage founders in Northern Nigeria. 
As an ESO, Labspace brings the practical infrastructure, partner networks, and local accountability needed to execute a structured, two-year institutional venture-building program under iDICE.","Key Partners 

- iDICE Startup Bridge
- UNDP
- HapaSpace Ghana
- Startup Kano
- Bank of Industry (BOI)
- Federal Ministry of Communication, Innovations and Digital Economy.
Niger State Government 
- NITDA/ONDI
- Niger State Information Technology & Digital Economy Agency
- Niger State Ministry/Agency responsible for MSME development
- Niger State Planning Commission 
- Universities, polytechnics and tertiary institutions across Niger State
- TEDxMinna / TED ecosystem
- Astound Innovation Hub, Abuja
- JD Lab ecosystem
Key Networks
- Innovation Support Network (ISN)
- Founder Institute – Global / South Africa / Abuja
- Tony Elumelu Foundation (TEF)
- CcHub
- Labspace by JD Lab founder, mentor and alumni networks
- Founder Institute alumni network
- TEF entrepreneur/alumni network
- AfriLabs hub and ecosystem network","As a women-led innovation hub in Niger State, we treat inclusion as an operational standard rather than a compliance checkbox. Hitting the required targets 40% female representation and 5% NEET (Not in Education, Employment, or Training) youth demands deliberate, boots-on-the-ground outreach built into every stage of the project lifecycle.

1. Targeted Mobilization & Outreach
Open calls and social media ads rarely reach underserved groups. Prior to launching recruitment, we map women-focused trade associations, youth groups, vocational centers, community radio networks, and local WhatsApp channels across the state. Leveraging our established ties with tertiary institutions, state agencies, and regional hub networks through our various existing programs,  we directly source promising candidates from our existing communities and outside conventional tech corridors.

2. Female Participation Strategy (40% Target)
To secure and maintain 40% female participation, we will tap into our already existing network of female-led networks, we engage women-led organizations as direct recruitment partners from day one. Intake data is monitored daily during the application window. If female submissions fall below our 40% benchmark at any stage of the funnel, we immediately trigger targeted community referrals and partner outreach rather than waiting until shortlisting begins.

3. NEET Youth Engagement (5% Target)
NEET youth are identified using specific baseline indicators embedded directly in our application forms. Because digital access and application literacy often pose major barriers for out-of-school or unemployed youth, we deploy assisted application support—offering both in-person assistance at the hub and guided help through local facilitators to ensure a seamless entry point.

4. Objective, Barrier-Free Selection
Selection criteria prioritize raw problem-solving ability, commitment, and practical idea viability over polished presentation skills or exposure to technical jargon. Our evaluation teams use standardized rubrics to keep scoring fair and transparent, supported by real-time demographic dashboards that track gender, geographic balance, and NEET status throughout the screening phase.

5. Retention & Practical Accessibility
Selecting participants is only the first step; keeping them engaged requires removing day-to-day friction. We accommodate different learning realities through flexible hybrid models, offline-accessible material, and scheduled check-ins to spot attendance issues early. Where participants face internet, transport, or logistical hurdles, we provide practical support to prevent dropouts.

6. Measurement, Tracking & Accountability
Inclusion metrics are tracked across every project milestone—from intake and shortlisting to graduation and post-program tracking. Regular progress reviews allow us to flag drop-off risks instantly and adjust our support strategy. This data-driven approach ensures every selected participant from an underrepresented group receives the support required to successfully complete the program and launch a viable venture.","Labspace has established and growing institutional relationships with both Abdulkadir Kure University (AKUM) and the Federal University of Technology, Minna (FUTMinna), two institutions selected to host iDICE Centres of Excellence in Niger State.

- Abdulkadir Kure University (AKUM):
Our relationship with AKUM has evolved beyond programme participation into institutional and ecosystem collaboration. Labspace has received and engaged with a formal proposal from the University’s Green Tech Hub to explore partnership and collaboration, positioning Labspace as a relevant ecosystem player in supporting startups, innovation and entrepreneurship. This aligns strongly with AKUM’s existing institutional architecture, which includes a Green tech and Innovation Hub, Entrepreneurship Centre and Directorate of Research, Innovation and Partnerships.

Labspace has also worked with AKUM in hosting Founders Friday Minna, a founder-centric ecosystem platform designed to connect entrepreneurs, innovators, students, investors and other ecosystem stakeholders. The relationship further deepened during the iDICE institutional inspection/evaluation process, where Labspace and AKUM jointly received and engaged the visiting iDICE evaluation team. Public records confirm AKUM's participation in the iDICE evaluation process and its selection alongside FUTMinna as one of Niger State's two iDICE host institutions.

In addition, through Tespire, a Labspace/JD Lab portfolio company and EdTech venture, the AKUM relationship extends into technology adoption and institutional digital transformation. Tespire provides education-management technology serving schools and higher institutions, creating an additional pathway for collaboration between the innovation ecosystem and the university.

- Federal University of Technology, Minna (FUTMinna):
Labspace has an established relationship with FUTMinna through direct engagement with the University's Technology Transfer Office (TTO) around innovation and technology commercialisation. Through the National Hybrid SIWES (NHS) programme, Labspace has trained and engaged FUTMinna students through structured digital-skills and employability-focused learning. The relationship has subsequently extended into the iDICE Startup Bridge Founders Lab, where Labspace continues to engage and support emerging founders and students within the university ecosystem.

These relationships give Labspace existing institutional access, stakeholder trust and practical experience that can be leveraged for beneficiary mobilisation, innovation scouting, entrepreneurship development, incubation, mentorship, technology commercialisation and sustained delivery of the proposed iDICE Centre of Excellence intervention.","Labspace will implement the intervention through existing institutional structures rather than creating parallel systems. Our approach will be to establish clear coordination pathways with the relevant units of each host institution, leveraging their existing student, entrepreneurship, career and innovation networks.

At Abdulkadir Kure University (AKUM), Labspace will work closely with the Greentech and Innovation & Entrepreneurship Centre, and Directorate of Research, Innovation and Partnerships to support entrepreneurship development, innovation scouting, startup identification, mentorship and technology commercialisation. These structures already have mandates aligned with the objectives of the intervention, including supporting entrepreneurial skills and innovative business ideas among students and staff. Our existing relationship with AKUM, including engagement around its Green Tech Hub, Founders Friday Minna and the iDICE institutional engagement process, will provide a strong foundation for coordination.

At FUTMinna, Labspace will coordinate with the Entrepreneurship Centre (FUTEC), Career Development Centre (CDC), Student Support Unit and relevant innovation/technology-transfer structures. FUTEC already provides entrepreneurship and skills-development programmes, while the CDC provides career counselling, professional development, internship and employment support. The Student Support Unit also has responsibilities covering career support, training and entrepreneurship skills.
Our existing relationship with FUTMinna's Technology Transfer Office, alongside our delivery of the National Hybrid SIWES programme and current iDICE engagement, provides an established pathway for student mobilisation and institutional coordination.
Across both institutions, Labspace will use these structures to support student recruitment, beneficiary identification, referrals, programme scheduling, mentorship, career and entrepreneurship support, alumni engagement and post-programme tracking. We will also activate student associations, alumni networks and relevant academic departments as referral and mobilisation channels.
This model ensures institutional ownership, reduces duplication, strengthens sustainability and enables the Centres of Excellence to become embedded within existing university systems rather than functioning as stand-alone programmes.","Labspace will engage institutional staff and faculty as active partners in the delivery, sustainability and institutionalisation of the Centres of Excellence. Rather than treating faculty only as beneficiaries or administrative contacts, we will involve relevant staff as programme champions, mentors, referral partners and technical contributors.
At the commencement of the intervention, Labspace will conduct stakeholder mapping with each host institution to identify relevant faculty members and staff across entrepreneurship, innovation, technology transfer, career development, student affairs, academic departments and research/commercialisation units. Clear focal persons will be agreed with each institution to facilitate communication, scheduling, referrals and institutional decision-making.
Faculty and staff will be engaged through orientation sessions, entrepreneurship and innovation workshops, mentorship activities, founder clinics, expert sessions and innovation challenges. Faculty members with relevant industry, research or entrepreneurial expertise will be invited to serve as mentors, subject-matter experts and evaluators for student ventures. This will create opportunities for students to receive both academic and practical business guidance.
Labspace will also encourage faculty participation in innovation scouting and venture identification, enabling lecturers to refer promising student ideas, research outputs and emerging ventures into the Centre of Excellence pipeline. Relevant staff will support the identification of students who may otherwise remain outside conventional entrepreneurship programmes, including female students and underserved groups.
For AKUM, engagement will build on our existing relationship with the Greentech and Innovation Hub, Entrepreneurship Centre and Directorate of Research, Innovation and Partnerships. For FUTMinna, we will leverage our existing engagement with the Technology Transfer Office and relevant entrepreneurship, career and student-support structures.
To strengthen institutional ownership, Labspace will establish periodic faculty/staff engagement and review sessions to assess participation, student progress, emerging ventures, challenges and opportunities for improvement. We will document institutional learning and gradually strengthen the capacity of designated staff to independently coordinate entrepreneurship activities, mentorship and venture-support processes.
This approach will create a sustainable bridge between academic knowledge and entrepreneurship, while positioning faculty and institutional staff as long-term enablers of student innovation and venture development.","Labspace will use a combination of institutional referrals, open calls and targeted community outreach to identify and refer beneficiaries.

At AKUM and FUTMinna, we will work through existing structures such as the Entrepreneurship Centres, Career Development, Student Affairs, innovation/technology-transfer offices, faculties and student associations. These structures can identify students with promising ideas, digital skills interests, research outputs or entrepreneurship potential and refer them into the appropriate programme pathway.
We will complement institutional referrals with open application calls and targeted mobilisation through youth and women networks, innovation communities, alumni networks, vocational/community organisations and Labspace’s digital channels. Our experience with programmes such as NHS, iHatch, TechXpreneur and iDICE provides an existing community and mobilisation base.

Beneficiaries will be screened against clearly defined eligibility and programme criteria, then segmented according to their needs—digital skills, entrepreneurship, incubation, mentorship, employment or ecosystem opportunities.
Inclusion will be tracked throughout the funnel, with deliberate outreach to women, underserved youth and NEET beneficiaries to support the programme’s inclusion targets.
We will maintain digital records of each beneficiary from application/referral through onboarding, participation and programme completion, including referral source, institution, gender, pathway and progression. This will allow us to identify gaps early, strengthen referral channels and ensure beneficiaries are connected to the intervention that best matches their needs.",yes,no,"Labspace uses a combination of digital programme-management, application-management and cloud-based productivity tools to support beneficiary registration, screening, monitoring, reporting and data management.
TexoraX https://texorax.com/ is one of the programme operations platforms used within the Labspace ecosystem. It supports the management of structured programmes across the programme lifecycle, including application collection, reviewer assignment, scoring and evaluation, selection pipelines, reporting and alumni tracking. This provides a centralised workflow for managing applications and programme cohorts and reduces reliance on fragmented forms, spreadsheets and email communication.
Labspace also uses Aplikant www.aplikant.app to support structured application and applicant management, including the organisation of applicant information, screening and selection workflows and tracking of programme pipelines.
These systems are complemented by Google Workspace tools. Google Drive provides centralised document storage and evidence management; while Google Docs and Slides support collaborative reporting, documentation and presentations.
For programme monitoring, Labspace establishes structured trackers covering key indicators such as applications received, eligibility, gender and inclusion, selection, onboarding, attendance, participation, completion, mentorship, venture progression and referrals. Data can be segmented by institution, cohort and beneficiary category to identify gaps and support timely corrective action.
The combined use of TexoraX, Aplikant and Google Workspace enables Labspace to maintain a clear digital trail from beneficiary identification and application through screening, selection, onboarding, participation, completion and post-programme follow-up. Regular data reviews will inform performance monitoring, inclusion tracking, programme improvement and reporting to partners and funders.
Data quality is maintained through defined data fields, validation checks, regular updates, controlled access and secure digital backups. Personal information is handled responsibly, with access restricted to authorised programme personnel and data collected only for legitimate programme and reporting purposes.
This digital-first approach builds on Labspace's existing experience managing large cohorts, including the National Hybrid SIWES (NHS) programme and iDICE Startup Bridge Founders Lab, where structured registration, onboarding, screening, cohort coordination and reporting are integral to programme delivery.","Labspace will pursue a sustainability model that combines institutional ownership, earned revenue, strategic partnerships and ecosystem-driven opportunities to ensure that the Centres of Excellence remain active and valuable beyond the iDICE funding period.

1. Institutional ownership and integration:
From inception, Labspace will work with AKUM and FUTMinna to embed entrepreneurship, innovation and venture-support activities within existing institutional structures, including the Entrepreneurship Centres, Greentech and Innovation Hub, Technology Transfer Office and Career Services. Staff and faculty will progressively be equipped to support programme delivery, mentorship and venture development, reducing long-term dependence on external programme managers.

2. Paid entrepreneurship and skills programmes:
Labspace will develop paid versions of selected capacity-building offerings for students, graduates, staff, MSMEs and external participants. These may include entrepreneurship bootcamps, digital skills, AI for business, financial literacy, innovation management, pitch development and investment-readiness programmes. Institutional and corporate sponsorships will also be pursued to subsidise participation for students who cannot afford paid programmes.

3. Incubation and venture-support services:
The Centres will develop a pipeline of promising ventures that can access structured incubation, business validation, advisory, pitch preparation, market-access and investment-readiness support. Selected advanced services can operate on a fee-for-service basis, while maintaining free or subsidised entry-level support for student innovators.

4. Corporate and ecosystem partnerships:
Labspace will leverage its existing relationships across the innovation, development and private sectors to attract corporate sponsorships, sponsored innovation challenges, scholarships, entrepreneurship programmes and industry-led skills initiatives. Partners will be offered opportunities to engage with emerging talent, startups and university innovation pipelines.

5. Events, innovation challenges and ecosystem activities:
Founder events, Demo Days, innovation showcases, competitions and industry networking activities will provide additional opportunities for sponsorship, partnerships and paid participation while continuously generating visibility and new opportunities for beneficiaries.

6. Alumni and venture ecosystem:
Beneficiaries will be maintained within an alumni network, creating a continuous pipeline of mentors, founders, employers, investors and ecosystem partners. Successful ventures can subsequently become mentors, partners, service providers or sponsors, creating a reinforcing ecosystem.
Our sustainability objective is therefore to transition from programme-funded delivery to an institutionally embedded, partnership-driven and increasingly revenue-generating model, while retaining inclusive access for students and underserved innovators.","Labspace will build a practical Skills-to-Work pathway that connects beneficiaries to employers, internships, freelance opportunities and entrepreneurship. This will build on relationships and approaches we have already tested through our programmes.
Through the National Hybrid SIWES (NHS) programme, Labspace has trained and mobilised students across institutions, creating a structured bridge between digital skills development and workplace exposure. Our experience with iHatch and iDICE Startup Bridge Founders Lab has also enabled us to connect emerging founders with mentors, ecosystem stakeholders and business opportunities. iHatch Cohort 4 supported four startups—Smart Agro, Bluupay, Synopsix and SchoolSQL—through structured incubation and ecosystem engagement.
For the Centres of Excellence, beneficiaries will progress through:
Skills → Practical Projects → Portfolio → Industry Exposure → Internship/Freelance/Employment
Labspace will engage technology companies, startups, financial institutions and development-sector organisations for mentorship, career sessions, practical challenges, internships and talent referrals. Potential ecosystem linkages include NITDA/3MTT partners, Tech4Dev, Bank of Industry and Niger State Information Technology and Digital Economy Agency (NSITDEA). The 3MTT ecosystem already connects young Nigerian talent with industry partners, while NSITDEA is developing pathways connecting Niger State digital talent to remote and international opportunities.
For beneficiaries with viable business ideas, the alternative pathway will be:
Idea → Validation → Incubation → Market Access → Investment/Business Growth.
Labspace will also work with the Career Services, Entrepreneurship Centres, TTOs and alumni networks of AKUM and FUTMinna to strengthen referrals into employment and enterprise opportunities.
We will track internships, employment, freelance engagements, businesses created and other post-programme outcomes through our alumni and monitoring systems, ensuring that success is measured beyond training completion.",false,true,true,true,true,true,true,Abubakar Nafisat Aguye,Programs Manager,2026-09-17 20:20:48.977+00,2026-09-17 20:20:48.977+00,2026-09-03 15:51:39.797109+00,2026-09-17 20:20:49.692415+00
77b84320-8b81-4e53-a25e-d311489e4f6a,a4947a4f-9a11-4aa0-acbc-15068acfa6c4,530c10b5-061b-4b89-946e-adc1f59d9e2f,IDICE-NC-KOG-0001,DRAFT,Kogi,AIKPEROKHA INNOVATION HUB LTD,registered_entity,2025,Innovation Hub,,THOMPSON AIKPEROKHA ABIOLA,HUB MANAGER / EXECUTIVE LEAD,2348033695302,aikperokhahub@gmail.com,[],,,,,,[],,,,,,,,,,,,,false,false,false,false,false,false,false,,,,,2026-09-15 22:40:07.64276+00,2026-09-15 22:58:26.879232+00
7c2e60c6-f8e2-48f0-bdb8-d0ed88292769,a7f200ac-82b9-4e65-8869-6201edc86b0b,530c10b5-061b-4b89-946e-adc1f59d9e2f,IDICE-NC-KOG-0001,SUBMITTED,Kogi,Black Accelerate,registered_entity,2025,Incubators and Accelerators,htpps/www.blackaccelerate.com,Kalejaiye Olufemi,Chief Operating Officer,+234-80-62288550,exec@blackaccelerate.com,"[""Kogi"",""Kwara""]","Black Center
22, Ogori beside National Open University Nigeria
Kogi State",15_30,8175440,Full Time,"Governance Structure

The proposed governance structure for the iDICE Centre will ensure clear accountability, effective programme delivery, strong financial controls, industry relevance and institutional sustainability. It will operate through four interconnected levels: Programme Oversight, Steering Committee, Programme Management, and Industry & Ecosystem Advisory support.

1. Programme Oversight

The iDICE Programme Coordination Unit (PCU) and Aggregator Consortium will provide programme-level oversight, quality assurance and monitoring in accordance with the iDICE implementation framework. The ESO will maintain regular reporting and coordination with the Aggregator throughout implementation.

2. Programme Steering Committee

A Programme Steering Committee will provide strategic governance and ensure alignment between the ESO, host institution and iDICE objectives. Membership will include representatives of the ESO, host institution, Programme Director and relevant industry/ecosystem stakeholders. The Committee will review implementation plans, programme performance, financial utilisation, risks, compliance and sustainability. It will meet quarterly or as required.

3. Programme Management

Day-to-day implementation will be led by a dedicated Programme Director/Centre Director, who will serve as the principal accountable officer and primary interface with the Aggregator and host institution.

Three functional pillars will report to the Programme Director:

Programme Delivery: Training and Curriculum; Incubation and Acceleration; Mentorship and Business Advisory; Industry Partnerships and Job Placement; and Ecosystem Development.
Operations & Finance: Finance and Grants Management; Procurement; Administration; Human Resources; logistics; and Centre operations.
Monitoring, Evaluation, Risk & Compliance: Monitoring and Evaluation; data and reporting; safeguarding; Gender Equality and Social Inclusion (GESI); grievance management; data protection; and programme compliance.

Strong financial governance will be maintained through a dedicated project account/sub-ledger, segregation of financial responsibilities, documented procurement procedures, approval limits, regular reconciliation and quarterly financial reporting.

4. Industry & Ecosystem Advisory Council

An Industry & Ecosystem Advisory Council comprising private-sector employers, technology and creative-industry leaders, investors, professional bodies and ecosystem partners will provide market intelligence and strengthen pathways to mentorship, internships, employment, investment and commercial opportunities.","[""Technology"",""Creative"",""Entrepreneurship"",""Industry linkage"",""Hybrid"",""Research support""]","Programme Delivery Track Record – Past Projects Executed

Black Accelerate has demonstrated experience in the design and delivery of innovation, entrepreneurship, digital skills, incubation, acceleration and ecosystem-development programmes across Nigeria. The organisation has worked with universities, government institutions, development partners, private-sector organisations and innovation ecosystem stakeholders to develop talent, support entrepreneurs and strengthen innovation ecosystems.

A key intervention is the TechUpskill Programme, implemented across university-linked innovation hubs to equip young people with practical and market-relevant digital skills. Through its university innovation ecosystem, Black Accelerate has supported programmes and activities across institutions including the University of Ibadan, University of Benin, Rivers State University, Obafemi Awolowo University, Bayero University Kano, Abubakar Tafawa Balewa University and University of Nigeria, Nsukka.

Black Accelerate has also participated in the delivery of the AgriHack Accelerator Programme in collaboration with the Centre for Dryland Agriculture, Bayero University Kano. The programme supported innovators and entrepreneurs developing solutions within the agricultural value chain through capacity development, mentorship and enterprise support.

Through its innovation centres, Black Accelerate has implemented coding, robotics, STEM and digital-skills programmes, exposing young people to areas such as web development, Python programming, emerging technologies and innovation. It has also supported activities associated with the Federal Government's 3 Million Technical Talent (3MTT) Programme, contributing innovation infrastructure and ecosystem support for technical talent development.

Black Accelerate has partnered with the Lagos State Employment Trust Fund (LSETF) under the Lagos Innovates Workspace Voucher Programme, supporting entrepreneurs and startups with access to workspace and innovation infrastructure. It has also collaborated with Ecobank Nigeria on an AI-driven learning initiative aimed at exposing young learners to artificial intelligence and digital technologies.

Beyond skills development, Black Accelerate's university innovation-hub model supports ideation, incubation, acceleration, entrepreneurship development and research commercialisation, providing pathways through which innovators can move from ideas to viable enterprises.

Collectively, these engagements demonstrate Black Accelerate's strong capability in beneficiary mobilisation, programme management, curriculum delivery, mentorship, incubation and acceleration, stakeholder coordination, university engagement and ecosystem development. They also demonstrate the organisation's ability to operate programmes across multiple locations and institutional environments.","Mentorship, Industry & Investor Network – Partner List
AfriLabs
Innovation Support Network (ISN) Nigeria
Bank of Industry (BOI)
Lagos State Employment Trust Fund (LSETF)
FinTech Association of Nigeria
University of Ibadan (UI)
Obafemi Awolowo University (OAU)
University of Benin (UNIBEN)
Rivers State University (RSU)
Bayero University Kano (BUK)
Abubakar Tafawa Balewa University (ATBU)
University of Nigeria, Nsukka (UNN)
Centre for Dryland Agriculture, Bayero University Kano
Ecobank Nigeria
Nigeria FinTech ecosystem network
Angel investor network
Venture capital and private investment network
Technology founders and industry professionals within the Black Accelerate ecosystem
Corporate executives and business leaders within the Black Accelerate network
Startup founders, mentors and entrepreneurship-development professionals within the wider innovation ecosystem","Strategy to Achieve 40% Female and 5% NEET Youth Participation

Black Accelerate will adopt a targeted, inclusive recruitment and retention strategy to ensure that at least 40% of programme beneficiaries are female and a minimum of 5% are NEET youth (Not in Education, Employment or Training). Inclusion targets will be embedded into beneficiary mobilisation, selection, programme delivery and performance monitoring from inception.

For female participation, Black Accelerate will undertake targeted outreach through universities, women-focused technology and entrepreneurship communities, professional associations, community organisations and female-led businesses. Recruitment campaigns will feature female role models and mentors and deliberately communicate opportunities in technology, entrepreneurship and the creative economy to women. A minimum 40% female participation threshold will be incorporated into cohort selection, with applications monitored throughout the recruitment period to enable corrective mobilisation where participation is below target.

For NEET youth, recruitment will extend beyond conventional university and online channels. Black Accelerate will work with community-based organisations, local government structures, youth associations, vocational centres, faith-based/community networks and grassroots organisations to identify young people who are currently outside education, employment and formal training. At least 5% of available programme places will be deliberately reserved for eligible NEET participants.

Participation barriers will also be addressed through flexible programme schedules, blended learning where appropriate, accessible training locations, mentoring and targeted participant support. Where programme resources permit, interventions such as transportation support, internet/data access and access to devices will be considered for beneficiaries whose circumstances could otherwise prevent sustained participation.

Black Accelerate will establish a Gender Equality and Social Inclusion (GESI) monitoring framework to track applications, selection, enrolment, attendance, completion and outcomes by gender and beneficiary category. A designated GESI focal person will review performance regularly and initiate targeted recruitment or retention interventions where participation begins to fall below the required thresholds.

Beyond enrolment, success will be measured by completion and economic outcomes. Female and NEET beneficiaries will receive equal access to mentorship, internships, incubation, employment opportunities, enterprise support and investor/market linkages.

Through targeted recruitment, reserved participation thresholds, removal of access barriers and continuous monitoring, Black Accelerate will ensure that the 40% female and 5% NEET targets translate into meaningful participation, programme completion and sustainable economic opportunities, rather than simply meeting enrolment quotas.","Existing Relationships with Host Institutions

Black Accelerate has established relationships with tertiary institutions through its innovation, entrepreneurship, digital-skills and ecosystem-development activities. These relationships provide a strong foundation for collaboration with host institutions under the iDICE programme.

WE have executed programs where some of the students benefited virtually from the techup skill program .

Existing institutional relationships include:

University of Ibadan (UI) – Collaboration around innovation hub development, talent development, incubation, acceleration, entrepreneurship and research commercialisation.
Obafemi Awolowo University (OAU) – Engagement through innovation-hub operations and delivery of technology, entrepreneurship, coding and digital-skills programmes.
University of Benin (UNIBEN) – Existing relationship through the university-linked innovation ecosystem, supporting innovation and talent-development activities.
Rivers State University (RSU) – Institutional relationship supporting innovation, entrepreneurship and digital talent-development initiatives.
Bayero University Kano (BUK) – Programme collaboration, including entrepreneurship and innovation activities and engagement with the Centre for Dryland Agriculture.
Abubakar Tafawa Balewa University (ATBU) – Existing relationship through innovation-hub and technology talent-development initiatives.
University of Nigeria, Nsukka (UNN) – Engagement through the university innovation ecosystem supporting entrepreneurship, innovation and talent development.
University of Calabar (UNICAL) – Institutional engagement supporting Black Accelerate's ecosystem-building and Enterprise Support Organisation activities.

These relationships provide Black Accelerate with experience working within tertiary-institution environments, engaging university leadership, students, faculty members, researchers and innovation communities.

For the iDICE programme, Black Accelerate will leverage this experience to establish effective working relationships with designated host institutions, including joint programme planning, beneficiary mobilisation, infrastructure utilisation, stakeholder engagement, industry linkages, knowledge transfer and sustainability planning.","Black Accelerate will adopt an institution-integrated delivery model, ensuring that the iDICE Centre complements and strengthens existing structures within each host institution rather than operating as a parallel programme.

The Entrepreneurship Centre will serve as a key partner for entrepreneurship training, venture development, incubation, business advisory and identification of promising student and graduate-led enterprises. Existing entrepreneurship programmes will be mapped and aligned with iDICE interventions to avoid duplication and create clear pathways into incubation and acceleration.

The Career Services/Career Development Unit will support employability programming, internship and job-placement activities, employer engagement, career counselling and tracking of graduate employment outcomes. Black Accelerate will work with the unit to connect beneficiaries with employers, industry projects and workplace opportunities.

The Student Affairs Division will provide an important channel for beneficiary mobilisation, student engagement, inclusion and welfare. It will support campus-wide communication and targeted outreach to ensure participation by women and other underserved groups, while also assisting with safeguarding and grievance-management processes.

The Alumni Network/Alumni Relations Office will be leveraged to identify experienced professionals, entrepreneurs, executives and investors who can serve as mentors, facilitators, industry partners and potential investors. Alumni-owned businesses will also be engaged to provide internships, employment, procurement opportunities and market access for programme beneficiaries.

A designated Institutional Focal Person will coordinate engagement between Black Accelerate and these institutional units. Regular coordination meetings will be held to review programme implementation, beneficiary performance, industry engagement and emerging challenges.

Through this integrated approach, Black Accelerate will ensure that the iDICE Centre becomes embedded within the host institution's existing innovation, entrepreneurship, career-development and student-support ecosystem, while facilitating knowledge transfer, institutional ownership and long-term sustainability beyond the programme period.","Black Accelerate will adopt a collaborative faculty and institutional engagement model that positions staff as active partners in programme delivery, knowledge transfer and long-term sustainability of the iDICE Centre.

At programme inception, Black Accelerate will work with the host institution to identify relevant faculty members, entrepreneurship-centre personnel, career-services staff, student-affairs officers, researchers and technical staff who can contribute to programme implementation. Selected staff will participate in programme orientation and capacity-building sessions to ensure alignment with iDICE objectives, delivery standards and expected outcomes.

Faculty members with relevant expertise will be engaged as trainers, mentors, technical advisers, assessors and members of selection or review panels. They will also support the identification of promising students, researchers, innovators and entrepreneurs who can benefit from the programme.

Black Accelerate will establish a Faculty Champions Network, comprising selected academic and administrative staff from relevant departments. Faculty Champions will promote programme opportunities within their departments, support beneficiary mobilisation, identify innovations with commercial potential and facilitate connections between academic research and entrepreneurship.

A structured Train-the-Trainer and knowledge-transfer programme will be implemented to strengthen institutional capacity in entrepreneurship education, incubation, acceleration, mentorship, innovation management and industry engagement. Faculty members will progressively co-deliver programme activities alongside Black Accelerate specialists.

Regular coordination meetings will be held with designated institutional representatives to review beneficiary participation, programme performance, operational challenges and opportunities for improvement. Staff and faculty feedback will be incorporated into programme reviews and future delivery cycles.

Black Accelerate will also facilitate connections between faculty members and its industry, investor, innovation and entrepreneurship networks, creating opportunities for industry-led projects, research commercialisation, mentorship and collaborative innovation.","Black Accelerate will adopt a multi-channel beneficiary identification and referral strategy to ensure transparent, inclusive and merit-based recruitment of eligible participants into the iDICE programme.

Beneficiaries will be identified through open calls, institutional referrals, targeted outreach and ecosystem partnerships. Within host institutions, Black Accelerate will work closely with Entrepreneurship Centres, Career Services, Student Affairs, academic departments, innovation/research units and student associations to identify students, graduates, innovators, entrepreneurs and other eligible participants with strong potential.

Faculty members and designated Faculty Champions will refer promising innovators, researchers and students, while Career Services and Student Affairs will support identification of beneficiaries requiring employability, digital-skills and entrepreneurship interventions. Alumni networks will also provide referrals and help extend programme opportunities to eligible graduates and young entrepreneurs.

Beyond the host institution, Black Accelerate will leverage its network of innovation hubs, industry partners, community organisations, professional associations and entrepreneurship networks to reach eligible beneficiaries, particularly underserved groups and NEET youth who may not be accessible through conventional university channels.

All referred candidates will be directed to a centralised application and registration process to ensure fairness and consistency. Applicants will be assessed against clearly defined eligibility and selection criteria, including programme fit, motivation, innovation or enterprise potential and readiness to participate. Where appropriate, assessment tests, interviews, business diagnostics or pitch sessions will be used to determine the most suitable programme pathway.

Recruitment will be continuously monitored against the programme's inclusion requirements, with targeted mobilisation undertaken to achieve at least 40% female participation and 5% NEET youth participation.

A beneficiary database will track each participant from referral and application through selection, onboarding, programme participation, completion and post-programme outcomes. This will enable Black Accelerate and the host institution to monitor recruitment sources, participation, retention and impact.

The overall approach will ensure that beneficiary identification is open, transparent, inclusive and demand-driven, while combining the reach of institutional structures with Black Accelerate's wider industry, innovation and community networks.",yes,yes,"Black Accelerate will deploy a structured Monitoring, Evaluation, Reporting and Data Management (MERDM) system to track programme implementation, beneficiary participation, outputs, outcomes and compliance with iDICE performance requirements.

A central Management Information System (MIS) will maintain beneficiary records from application and selection through onboarding, training, incubation, completion and post-programme outcomes. Data captured will include demographic information, gender and NEET status, attendance, training progress, assessment results, enterprise development, mentorship, internships, job placements, business creation, investment and other programme outcomes.

Programme performance will be monitored through a KPI Dashboard aligned with agreed iDICE indicators and targets. Workstream leads will provide regular implementation data, while the Monitoring and Evaluation team will validate, consolidate and analyse performance against approved workplans and milestones. Particular attention will be given to the 40% female and 5% NEET participation targets, completion rates, employment outcomes and enterprise performance.

Black Accelerate will use digital data-collection tools, attendance systems, online forms, spreadsheets/databases and dashboard reporting tools to facilitate timely data capture and analysis. Where required, information will also be uploaded to the designated iDICE/Aggregator reporting platform in the prescribed format.

Reporting will operate at multiple levels, including monthly internal performance reviews, quarterly programme and financial reports, milestone reports and annual impact assessments. Reports will cover programme activities, beneficiary performance, financial utilisation, risks, challenges, lessons learned and corrective actions.

Data quality will be protected through defined collection protocols, verification checks, periodic audits and clear accountability for data entry and approval. Access to beneficiary information will be role-based, with appropriate measures for data protection, confidentiality, secure storage, backup and recovery.

Beneficiary feedback, satisfaction surveys, mentor assessments, employer feedback and grievance data will complement quantitative monitoring and support continuous programme improvement.","Black Accelerate will implement a sustainability and revenue diversification strategy designed to ensure that the iDICE Centre continues to operate beyond the initial programme funding period and progressively reduces dependence on donor or grant funding.

The sustainability model will combine institutional ownership, earned revenue, corporate partnerships, grants and investment ecosystem opportunities. From inception, Black Accelerate will work with the host institution to integrate the Centre into existing entrepreneurship, innovation, career-development and research-commercialisation structures, while progressively transferring programme knowledge, systems and operational capabilities to designated institutional staff.

Revenue diversification will be pursued through multiple channels. The Centre will offer fee-based professional and executive training programmes, specialised digital-skills courses, entrepreneurship programmes, innovation workshops and corporate capacity-building services to organisations and individuals outside the subsidised iDICE beneficiary cohorts.

The Centre will also develop corporate sponsorship and partnership arrangements with technology companies, financial institutions, telecommunications companies and other private-sector organisations. Partners may sponsor innovation challenges, hackathons, accelerator cohorts, laboratories, equipment, scholarships and industry-focused programmes.

Additional revenue will be generated through workspace and facility utilisation, incubation services, consultancy and innovation advisory services, research commercialisation support, industry projects and commissioned programmes. Where appropriate, sustainable commercial arrangements may also be developed around startups and innovations emerging from the Centre, subject to agreed programme and institutional policies.

Black Accelerate will actively pursue grants and programme funding from government agencies, development finance institutions, foundations and international development organisations to finance specialised programmes and expand the Centre's reach.

The Centre will also strengthen relationships with angel investors, venture capital firms, financial institutions and corporate innovation teams, creating investment and commercialisation pathways for promising ventures while increasing the Centre's attractiveness as an innovation and entrepreneurship platform.

A Sustainability and Business Development Plan will be developed during the first year, with revenue targets and partnership pipelines monitored regularly. The transition model will move progressively from ESO-led implementation in Year One, to joint ESO–institution management in Year Two, and increased institutional ownership in Year Three.","Black Accelerate will implement a structured employment pathway that connects beneficiaries directly from skills development to practical industry experience and ultimately to paid employment, freelancing or enterprise opportunities.

The pathway will begin with beneficiary profiling and skills assessment during onboarding to establish each participant’s competencies, career interests and employment readiness. Based on this assessment, beneficiaries will be assigned to appropriate technical and career-development tracks aligned with identified industry demand.

Training will combine technical skills with workplace-readiness competencies, including communication, teamwork, problem-solving, project management, CV development, interview preparation, portfolio development and professional conduct. Participants will also work on practical projects and industry-led briefs, enabling them to demonstrate applied capabilities rather than relying solely on training certificates.

Black Accelerate will engage its network of corporate organisations, technology companies, startups, SMEs and ecosystem partners to provide internships, apprenticeships, project-based assignments and entry-level employment opportunities. Employer partners will be engaged early in programme delivery to validate skills requirements, provide mentors and identify potential candidates for recruitment.

A dedicated Industry Partnerships and Placement function will maintain an employer opportunity pipeline and match qualified beneficiaries with available internships and jobs. Career fairs, employer sessions, recruitment days and curated interviews will provide direct interaction between beneficiaries and prospective employers.

The employment pathway will follow a clearly defined progression:

Recruitment & Assessment → Skills Development → Practical/Industry Projects → Career Readiness → Internship/Apprenticeship → Employer Matching → Interviews → Employment/Contract Placement → Post-Placement Tracking

For beneficiaries pursuing independent careers, the programme will provide pathways into freelancing, entrepreneurship and startup development, including business advisory, incubation, market access and connections to potential clients and investors.

Employment outcomes will be tracked beyond programme completion, including internships secured, job placements, freelance contracts, businesses established and income-generating opportunities. Employer feedback will also be used to improve subsequent training cohorts.",true,true,true,true,true,true,true,KALEJAIYE OLUFEMI,MR,2026-09-14 13:44:37.353+00,2026-09-14 13:44:37.353+00,2026-09-10 18:57:57.190861+00,2026-09-14 13:44:37.085472+00
7d7f925a-8610-4228-b435-c92a41a1f383,4b11b949-1d91-49bf-900f-d7688a7c6ce0,0c9b8d16-a929-4449-8cd3-1391f7175796,IDICE-NC-BEN-0001,DRAFT,Benue,kunle,,,,,,,,,[],,,,,,[],,,,,,,,,,,,,false,false,false,false,false,false,false,,,,,2026-09-03 21:17:12.944275+00,2026-09-03 21:17:12.944275+00
7fe57f93-fd24-4ccd-a5e9-cf13097503c1,40007980-cadf-4827-ba04-7745a7849fad,530c10b5-061b-4b89-946e-adc1f59d9e2f,IDICE-NC-NIG-0001,SUBMITTED,Niger,BUGBAFU CONSULT LTD,registered_entity,2013,Startup Support Organisations,,ABDULLAHI SULEIMAN ERENA,PRINCIPAL PARTNER,07042174148,suleiman.erena@gmail.com,"[""Kogi"",""Niger""]","1. Niger State: No. 44 Mal Usman Fari Street, Behind Babaya Plaza, Opposite A. A. Kure Market Minna, Niger State, Nigeria.
2. Kogi State: House no. 3, Uphill Avenue, Behind Sarkin Noma Primary School, Lokoja",15_30,1085028932,Some are Full time and some are part time staff,"Bugbafu Consult Ltd. maintains a lean, professional and results-oriented governance structure designed to attract and retain highly competent professionals while ensuring effective oversight, accountability and efficient delivery of client assignments. The structure is headed by the Principal Consultant/Chief Executive Officer (CEO), who provides overall leadership and directs the firm's vision, governance, strategic policy direction, strategic partnerships and high-level client acquisition.

The Principal Consultant is supported by three Partner Consultants, each responsible for a core functional division of the firm. This arrangement provides clear lines of authority, promotes specialisation and ensures that strategic decisions are translated into effective operational actions.

The Partner, Client Advisory Division leads the firm's consulting and advisory services. The division is supported by a Strategy Manager and a small team of consultants. The team provides strategic advisory, research, data analysis and evidence-based solutions to clients.

The Partner, Operations & Technology is responsible for the firm's internal operations, financial management, human resources and technology-related functions. The division comprises a Finance Manager, supported by an Accounts Payable Officer and Financial Analyst, as well as an HR Manager, supported by a team of support services staff.

The Partner, Business Development leads the firm's growth, client engagement, sales and market positioning activities. The division is structured around a Sales Manager, supported by Business Development and Account Executives, and a Marketing Manager, supported by a sales teams.

Overall, the governance model combines **strategic leadership, functional accountability and specialised technical capacity**. Each Partner is accountable for the performance of their respective division, while managers supervise dedicated teams and ensure implementation of approved strategies, efficient resource utilisation, quality assurance and timely delivery. This structure enables Bugbafu Consult Ltd. to remain agile and responsive while maintaining appropriate professional oversight, accountability and organisational discipline.","[""Entrepreneurship"",""Creative"",""Industry linkage"",""Technology"",""Research support""]","•	Lead Technical Facilitator by Niger State Small and Medium Enterprise and Micro Finance Agency to implement NG-CARES.
Result Area 3 (RA3) which focuses on facilitating the recovery and strengthening the capabilities of Micro and Small Enterprises (MSEs). Its overall objective is to help businesses recover from economic shocks, improve productivity, access finance and become more resilient. 

Key areas of intervention
RA3 provides support to eligible MSEs through two main intervention areas:
1. Operational Support Grants – temporary financial assistance to help MSEs meet eligible operating costs and sustain their businesses.
2. IT Enhancement Grants – support for digitalization, digital payments and information-technology connectivity to improve business efficiency and market access. 
•	Federal Government of Nigeria – Graduate Internship Scheme (GIS), Bayelsa State (2016): facilitated exit training for graduating interns on career development and entrepreneurship.
•	Federal Government of Nigeria – U-WIN Connect, Ondo State (2017): facilitated awareness activities and subsequent in-class training for successful applicants, with an entrepreneurship focus.
•	GIZ/SEDIN – Niger State (2022–2023): led stakeholder engagement on sustainable access to finance and insurance services for local/traditional market actors and facilitated interaction with financial-service providers.
•	GIZ/SEDIN – Niger State (2025–2026): supported financial-services linkages to MSME clusters, hubs and markets.
•	USAID Feed the Future – Nigeria Agricultural Extension Service (2021–2022): provided support on credit documentation and finance facilitation for smallholder farmers and MSMEs.
•	Lakpma Youth Forum (2024–2025): provided technical/business-development support to a youth empowerment programme that trained 55 youths in machine tools handling, borehole repairs and business development.
•	ILO/ACCEL Africa II – Niger State: provided consulting/project support for direct community action addressing child labour in the artisanal and small-scale gold-mining value chain.","Bugbafu Consult Ltd has partnership with the following institutions:
1. GIZ, German Technical Cooperation in Nigeria
2. P3 Consulting Limited (P3 Hub), Minna, Niger State
3. Niger State SME and Microfinance Agency, Minna
4. Ego Foundation LTD/GTE, Lagos
5. Manai Support and Empowerment Foundation, Minna.","OUR ESO VALUE PROPOSITION, EVIDENCE AND POSITIONING STRATEGY
1. Entrepreneurship & enterprise support:
Experience in FGN Graduate Internship Scheme exit training; U-WIN Connect awareness and entrepreneurship training 

2. MSME and entrepreneur advisory; youth empowerment programmes:
Incubation-readiness & startup support	Business diagnostics, entrepreneurship capacity building, mentoring, enterprise management, financial readiness and market linkage are our structured pre-incubation/enterprise-support pathway.

3. Access to finance:
Credit documentation, financial-service linkages, financial literacy, credit/risk management and direct engagement with financial-service providers.

4. Digital & business adoption:	
ICT and cyber-security training are listed among services; team includes digital innovation/IT security capability. Positioning should focus on digital entrepreneurship, digital business adoption and technology-enabled enterprise growth rather than claiming a long-standing tech-incubator operation.

5. Youth skills & employability:	
Training and facilitation experience across FGN, GIZ, USAID and youth/community programmes, including training of 55 youths in machine tools, borehole repairs and business development.

6. Stakeholder & ecosystem engagement:
Experience engaging government, financial institutions, market actors, MSMEs, farmers, development partners and communities.

7. Monitoring, reporting & implementation:	
Project coordination, stakeholder mobilisation, implementation support, proposal development and programme reporting experience.","Bugbafu Consult Limited has an existing working relationship and ecosystem engagement with the Abdulkadir Kure GT Hub in Minna, Niger State. This relationship forms part of Bugbafu’s local network of innovation, entrepreneurship, technology and enterprise-support stakeholders and provides an avenue for engagement with young people, entrepreneurs, MSMEs and other actors within the digital and innovation ecosystem.

Through this working relationship, Bugbafu Consult has established a useful connection with the Hub for stakeholder engagement, outreach, knowledge sharing, entrepreneur mobilisation and access to a local technology and innovation environment. The relationship complements Bugbafu Consult’s broader experience in entrepreneurship development, ICT and digital adoption, youth skills development, MSME support, stakeholder mobilisation and enterprise development. The company profile identifies stakeholder engagement across government, financial institutions, MSMEs, youth groups and other ecosystem actors as one of its established capabilities.

The relationship is particularly relevant to Bugbafu Consult’s proposed collaboration with Wootlab Foundation under the iDICE programme, as it provides an existing local ecosystem connection that can support beneficiary outreach, mobilisation, digital-skills activities, entrepreneurship development, mentoring, networking and referrals. It can also complement Bugbafu’s proposed iDICE ESO service model, which includes outreach and selection, business diagnostics, entrepreneurship training, mentorship and incubation support, digital enterprise enablement, finance and market linkages, and post-support monitoring.

Bugbafu Consult therefore intends to leverage this existing working relationship with Abdulkadir Kure GT Hub, alongside its wider stakeholder network and enterprise-support experience, to contribute to the effective implementation of iDICE objectives in Niger State.","Bugbafu Consult Limited intends to adopt an institutionally embedded and collaborative approach to the implementation of iDICE activities by working closely with existing structures within Abdulkadir Kure University, Minna (AKUM). Rather than creating parallel structures, the organisation will leverage established platforms such as Entrepreneurship and Innovation Centres, Student Affairs Divisions, Career Services/Career Development Centres, Alumni Networks, ICT Units, student associations and relevant academic departments to facilitate effective outreach, beneficiary mobilisation, programme delivery and sustainability.

The Entrepreneurship and Innovation Centres will serve as important entry points for identifying students and young entrepreneurs with viable business ideas, technology-oriented ventures and innovation potential. Student Affairs structures will support institutional communication, student mobilisation and engagement with relevant student groups, while Career Services will provide opportunities for linking iDICE participants with employability, internships, mentoring, career-development and enterprise opportunities.

Bugbafu will also engage Alumni Networks as a valuable source of mentors, industry professionals, entrepreneurs, investors and potential employers who can contribute to mentoring, business clinics, networking, market access and practical learning. Where appropriate, relevant academic departments and ICT units will be engaged to facilitate access to technical expertise, digital infrastructure and subject-matter resources.

Coordination will be undertaken through designated institutional focal persons, agreed activity schedules, joint mobilisation activities, referrals and regular communication with relevant institutional stakeholders. Bugbafu will maintain appropriate records of participation, referrals, training outcomes and enterprise progress to support programme monitoring, reporting and continuous improvement.

This approach will enable iDICE interventions to become integrated into existing institutional ecosystems, reduce duplication, improve beneficiary reach and strengthen institutional ownership. It will also provide a pathway for sustaining entrepreneurship, digital-skills development and enterprise-support activities beyond individual programme cycles, while connecting beneficiaries to the wider innovation and enterprise ecosystem. This approach is consistent with Bugbafu Consult’s demonstrated experience in stakeholder engagement, project coordination, entrepreneurship training, MSME support and multi-stakeholder programme implementation.","Bugbafu Consult Limited will adopt a structured approach to engaging institutional staff and faculty as key enablers of the iDICE programme. The objective will be to ensure that the programme is aligned with institutional priorities, benefits from existing expertise and networks, and becomes embedded within the participating institution’s entrepreneurship, innovation, digital-skills and employability ecosystem.

The engagement will begin with stakeholder mapping and sensitisation, identifying relevant faculty members, administrative staff, entrepreneurship coordinators, ICT personnel, career officers and other staff whose roles are relevant to the programme. Introductory sessions will be used to communicate the objectives of iDICE, clarify institutional roles and identify areas where staff and faculty can contribute.

Selected faculty and staff will be encouraged to participate as mentors, facilitators, technical resource persons, business advisers and referral champions. Faculty members with relevant expertise in entrepreneurship, ICT, business, engineering, sciences and other disciplines can support technical sessions, business clinics, innovation challenges and mentoring activities. Administrative and support staff can assist with institutional communication, participant mobilisation, scheduling, documentation and coordination.

Bugbafu will also establish a faculty/staff referral mechanism through which staff can identify and refer promising students, aspiring entrepreneurs and existing MSMEs for iDICE opportunities. Where appropriate, faculty members will be encouraged to integrate practical entrepreneurship, digital innovation and enterprise-development perspectives into existing student activities and relevant academic engagements.

To strengthen ownership and sustainability, Bugbafu will maintain regular communication with designated institutional focal persons and provide periodic feedback on programme participation, outcomes, emerging needs and opportunities for further collaboration. Staff and faculty contributions will be appropriately recognised through participation in mentoring, expert sessions, networking events and other programme activities.

This approach will enable iDICE to leverage the institution’s existing human capital and technical expertise while creating stronger links between academic knowledge, digital skills, entrepreneurship, innovation and enterprise development. It will also support the development of an institutional ecosystem capable of continuing to identify, mentor and connect young entrepreneurs to relevant opportunities beyond the immediate programme implementation period.","Bugbafu Consult Limited will implement a transparent, inclusive and structured process for identifying and referring beneficiaries for iDICE interventions. The process will leverage existing institutional structures and community-level networks to ensure that eligible young people, aspiring entrepreneurs, startups and MSMEs are reached and appropriately matched to available opportunities.

Beneficiary identification will begin through institutional outreach and mobilisation, working with Entrepreneurship and Innovation Centres, Student Affairs, Career Services, relevant academic departments, ICT units, student associations and other designated institutional focal persons. These structures will help disseminate programme information and identify students and young people who demonstrate entrepreneurial interest, digital skills potential, innovative ideas or an existing enterprise.

Additional beneficiaries will be identified through innovation hubs, youth organisations, MSME networks, community stakeholders, alumni networks and other ecosystem partners. This approach will help extend the programme beyond conventional institutional channels and provide opportunities for promising young entrepreneurs who may not be directly connected to university entrepreneurship structures.

Interested candidates will be directed through a standardised application and screening process. Applicants will be assessed against the applicable iDICE eligibility requirements and relevant programme criteria, with consideration given to factors such as entrepreneurial potential, business or innovation idea, digital readiness, motivation, growth potential and capacity to benefit from the intervention. Where required, business diagnostics and entrepreneurial-readiness assessments will be undertaken to determine the most appropriate support pathway.

Referrals will also operate in both directions. Institutional staff, faculty, entrepreneurship coordinators, alumni, hub managers and ecosystem partners will be able to refer promising candidates, while Bugbafu will refer beneficiaries to appropriate institutional, technical, financial, incubation or market-support services where these are better suited to their needs.

The process will be supported by proper documentation, beneficiary profiling and tracking to ensure transparency and enable monitoring of participation, referrals, training outcomes and enterprise progression. Particular attention will be given to inclusion and equal opportunity, ensuring that qualified young people from diverse backgrounds have access to information and consideration for available opportunities.

Through this multi-channel approach, Bugbafu will create a reliable pipeline for identifying, screening, onboarding and referring iDICE beneficiaries while leveraging existing institutional and ecosystem structures rather than creating parallel systems. This aligns with the proposed iDICE service model of outreach and selection, baseline profiling and entrepreneurial-readiness assessment, followed by business diagnostics and tailored enterprise support.",yes,yes,"Bugbafu Consult Limited applies structured monitoring, reporting and data-management practices across its project and programme engagements to ensure effective implementation, accountability, evidence-based decision-making and timely reporting to clients and stakeholders.

During previous project executions, the organisation has used structured beneficiary registration and profiling, attendance and participation records, activity tracking tools, monitoring checklists, field reports, stakeholder engagement records, training documentation, referral records and project progress reports to capture and track implementation activities and results. Data collected from field activities are reviewed and consolidated to support programme monitoring, identify implementation gaps and inform corrective actions.

For enterprise and MSME-focused interventions, Bugbafu has used business and beneficiary assessment information, enterprise-support records, financial-readiness documentation, referral and linkage records, and follow-up information to monitor beneficiary progression and the effectiveness of interventions. This is particularly relevant to its experience supporting MSEs under NG-CARES and facilitating financial-services linkages to MSME clusters, hubs and markets.

The organisation also maintains a results-oriented reporting process, involving documentation of activities undertaken, beneficiaries reached, outputs achieved, challenges encountered, lessons learned and recommended corrective actions. Project information is compiled through routine field-level reporting and stakeholder feedback and subsequently used for management review, client reporting and programme improvement.

For digital and multi-location activities, Bugbafu can utilise electronic data-collection, spreadsheet-based databases, cloud-based document management and digital communication platforms, complemented by appropriate data validation, secure record keeping and controlled access to programme information. Where specialised systems are required by a donor or implementing partner, the organisation is able to adapt its reporting and data-management processes to the prescribed templates, indicators and reporting protocols.

For the proposed iDICE engagement, Bugbafu will build on these established practices to maintain a centralised beneficiary database and programme monitoring system covering outreach, screening, onboarding, training participation, mentoring, referrals, enterprise development, digital adoption and post-support outcomes. This will enable timely reporting to Wootlab and other relevant stakeholders while providing reliable evidence for measuring programme performance, beneficiary progression and enterprise outcomes.","Bugbafu Consult Limited’s sustainability strategy is built around a diversified enterprise-support business model that combines fee-based consulting and training services with development-partner engagements, institutional contracts and private-sector opportunities. The organisation does not intend to depend exclusively on grant-funded programmes; rather, it will use programme experience, institutional relationships, technical expertise and an expanding client base to develop sustainable revenue streams.

Key areas of revenue diversification will include:

Enterprise development and business advisory services: Provision of business diagnostics, business-plan development, financial-readiness support, market linkage, business mentoring and MSME advisory services to enterprises and institutions.
Training and capacity development: Delivery of fee-based entrepreneurship, digital skills, employability, financial literacy, business management and other professional development programmes for institutions, organisations and private-sector clients.
Digital and ICT-enabled enterprise support: Development and delivery of digital-business adoption, productivity, digital marketing and technology-enabled enterprise-support services, leveraging the organisation’s ICT and digital capabilities.
Institutional and corporate engagements: Pursuit of consultancy, training, enterprise-support and programme-management contracts with government institutions, universities, private companies, financial institutions and other organisations.
Development-partner and donor-funded programmes: Continued participation in competitive opportunities from development partners and international organisations, building on Bugbafu’s previous experience with GIZ/SEDIN, USAID Feed the Future and ILO/ACCEL Africa II.
Partnership and referral-based opportunities: Strategic collaboration with hubs, financial institutions, technology providers, professional networks and other ecosystem actors to expand the organisation’s service offering and generate new business opportunities.

Under the iDICE engagement, Bugbafu will use the knowledge, systems, networks and institutional relationships developed through programme implementation to strengthen its long-term enterprise-support practice. Beneficiary and ecosystem relationships will be maintained beyond individual programme cycles through continued mentoring, referrals, enterprise advisory and market-linkage services, while ensuring that any fee-based services remain appropriately separated from programme-supported activities.

The organisation will also reinvest part of its internally generated income in staff development, digital infrastructure, knowledge resources, monitoring systems and business-development activities, thereby strengthening its capacity to deliver future enterprise-support programmes.

This diversified approach will enable Bugbafu Consult to remain financially and operationally resilient, reduce dependence on any single funding source, and sustain the enterprise-development and digital-support ecosystem established through programmes such as iDICE beyond the period of external programme funding.","Bugbafu Consult Limited will implement a structured training-to-employment pathway designed to ensure that iDICE beneficiaries move beyond acquiring skills to accessing concrete employment, internship, apprenticeship or self-employment opportunities.

The pathway will begin with beneficiary profiling and career/enterprise assessment to understand each participant’s existing skills, interests, experience and employment aspirations. Participants will then receive relevant digital, entrepreneurship and employability training, with emphasis on practical competencies that respond to identified opportunities in the labour market.

Following training, beneficiaries will be supported through practical projects, business challenges, mentoring, workplace-readiness sessions and portfolio development. Participants pursuing employment will be assisted to develop CVs, professional profiles, portfolios and interview skills, while those pursuing entrepreneurship will receive business-model development, enterprise diagnostics, market validation and business-support services.

Bugbafu will then activate its institutional, private-sector and ecosystem networks to facilitate referrals to employers, internships, apprenticeships, freelance opportunities, industry mentors, technology enterprises, MSMEs and other relevant organisations. Alumni and professionals within partner institutions and innovation hubs will also be engaged to provide industry exposure, mentoring and employment leads.

For participants who demonstrate viable entrepreneurial potential, the pathway will provide an alternative route into self-employment and enterprise growth through business incubation, mentoring, access-to-finance referrals, market linkages and digital-business support. This will ensure that employment outcomes are not limited to conventional wage employment.

The programme will maintain a post-training employment and enterprise-tracking mechanism to monitor beneficiaries’ transition into employment, internships, apprenticeships, freelancing or business ownership. Key indicators will include job placements, internships secured, businesses started or strengthened, income-generating activities initiated and continued employment or enterprise survival.

This approach builds on Bugbafu Consult’s previous experience in youth employability and entrepreneurship programmes, including the Federal Government Graduate Internship Scheme, U-WIN Connect and youth empowerment initiatives, as well as its broader experience in enterprise development and MSME support.

The ultimate objective is to create a clear and measurable pathway from learning to earning—ensuring that iDICE beneficiaries acquire relevant skills, demonstrate practical competence, connect with employers or markets, and transition into sustainable employment or viable entrepreneurship.",false,true,true,true,true,true,true,ABDULLHI SULIEMAN ERENA,PRINCIPAL CONSULTANT,2026-09-15 18:13:52.449+00,2026-09-15 18:13:52.449+00,2026-09-11 07:46:02.093074+00,2026-09-15 18:13:48.495566+00
8263cbde-349a-44e1-b837-6f008c1e1021,1161bcf7-7519-42ed-8fac-6474374dc0dc,04e34081-9746-4d77-a729-c21c75147b8b,IDICE-NC-FCT-0001,DRAFT,FCT,Center for Strategic Enterprise Development (CSED),registered_entity,2019,Startup Support Organisations,www.csed.org.ng,Izu Divine Freeman,Chief Executive Officer,+2348030600827,divine.freeman@gmail.com,"[""FCT""]",61 Aguiyi Ironsi Street Maitama Abuja,lt_15,,,,[],,,,,,,,,,,,,false,false,false,false,false,false,false,,,,,2026-09-04 12:06:31.347134+00,2026-09-04 12:22:52.47373+00
84e3ebcc-8602-484d-b2ab-c1101806ba34,3b35e1e1-3c71-43bb-9e56-4345a8f92a51,00605d6a-980d-406e-a669-c49fc93044cd,IDICE-NC-PLA-0001,SUBMITTED,Plateau,Corestream Networks and Robotic Limited,registered_entity,2018,Innovation Hub,https://corestream.ng,Ibrahim Jimoh,Chief Executive Officer,08160876560,ibrahim@corestream.ng,"[""Plateau""]","Suite 4b, Korinjoh House, Yakubu Gowon way Jos.",lt_15,2523228269196,"Full time 10, party 4, contract 3","Corestream Networks and Robotics Limited (RC 1512578) operates a functional reporting structure built around a small executive management team, five operational department heads, and clearly defined lines of accountability from strategy down to service delivery.

At the apex of the structure sits the Chief Executive Officer, Ibrahim Akorede Jimoh, who holds overall responsibility for corporate strategy, partnerships, investor relations, and product innovation. The CEO is supported by two C-suite executives and a Director of Learning, together forming the core executive management team that sets organisational direction and approves major decisions.

The Chief Technology Officer, Walshak Timothy, leads all engineering, artificial intelligence, infrastructure, and architecture functions. Reporting into this office are five technical teams: Software Engineering, Mobile Development, AI & Research, DevOps & Infrastructure, and Quality Assurance. This structure allows Corestream to develop and maintain its core products — including CoreHealth and Wecare247 — while continuing applied research and platform-level infrastructure work in parallel.

The Chief Operating Officer, Shamsudeen Abdulrazak, oversees Operations, spanning Finance, Human Resources, Procurement, Administration, and Compliance. This office ensures the organisation's internal controls, statutory compliance, and administrative systems are sound enough to support both commercial contracts and government-facing engagements.

The Director of Learning, Sudais Abubakar, heads the Learning function, which delivers the company's training and capacity-building programmes — including 4E Africa and Coreskool — through a team of Training Coordinators and Facilitators. This division is central to Corestream's ability to execute large-scale, multi-state skills and education programmes.

Two further functional areas complete the operational structure: a Business Development Lead, responsible for Sales, Partnerships, and Marketing, who drives client acquisition and strategic alliances; and a Digital Health Division, covering CoreHealth, Wecare247, Implementations, and Customer Success, which manages hospital deployments and ongoing client support.

Governance follows a five-step accountability loop. First, Executive Management sets strategic direction. Second, department heads (the CTO, COO, Director of Learning, Business Development Lead, and Digital Health lead) translate that direction into operational plans for their respective functions. Third, team leads within each department supervise day-to-day project execution. Fourth, technical and support staff carry out the actual delivery of products and services. Fifth, and critically, performance data and outcomes flow back up through the same channels to Executive Management, which reviews results and adjusts strategy accordingly — closing the loop rather than leaving reporting as a one-way process.

This structure currently supports a workforce of 38 — 4 in executive leadership, 16 in Technology, 6 in Digital Health, 7 in Learning, and 5 in Operations & Administration — of whom 31 are full-time employees and 7 are engaged on a project basis, allowing the organisation to flex capacity for time-bound programmes without disrupting its core team.

Taken together, this governance model gives Corestream a structure that is deliberately compact at the top for fast decision-making, while functionally organised beneath it to run software development, digital health, AI, EdTech, government digital transformation, technical skills development, and innovation programmes simultaneously — with clear reporting lines and a built-in feedback mechanism for continuous improvement.","[""Technology"",""Creative"",""Entrepreneurship""]","Corestream Networks and Robotics Limited has a proven track record of designing and delivering high-impact workforce development programmes across technology, creative industries, and entrepreneurship, combining industry-led training with practical project experience and employment-focused outcomes. Through its flagship 4E Africa (Education, Engagement, Entrepreneurship, and Employment) initiative and partnerships with global industry leaders, the organization has trained over 10,000 learners across Nigeria, equipping young people with in-demand digital skills aligned with labour market needs.

Technology Programmes

Corestream has successfully delivered multiple technology training cohorts covering Software Development, Artificial Intelligence, Web and Mobile Application Development, Cloud Computing, Robotics, and Digital Health Technologies. The programmes combine instructor-led learning with hands-on capstone projects, mentorship, and industry assessments. Through partnerships with Huawei, EC-Council, Arduino, the British Computer Society (BCS), the Institute of Commercial Management (UK), Turing, and Glowing Minds Initiative, learners gain exposure to internationally recognized learning pathways and emerging technologies. Several cohorts have progressed into internships, freelance opportunities, startup creation, and employment in technology companies, while others have contributed to the development of real-world solutions such as healthcare automation and digital service platforms.

Creative Sector Programmes

Corestream has delivered practical training programmes in the creative economy, including Digital Design, Photography, Videography, Content Creation, Motion Graphics, Social Media Marketing, and Creative Entrepreneurship. These programmes emphasize portfolio development, client-based assignments, and digital content production using industry-standard tools. As a shortlisted Training Service Provider under Nigeria's IDEAS Project TVET Programme, Corestream implemented creative media training designed to strengthen employability while enabling participants to generate income through freelance and creative enterprise opportunities. Learners produced branding materials, digital campaigns, promotional videos, and multimedia content for businesses and community initiatives, demonstrating practical competence beyond classroom instruction.

Entrepreneurship Programmes

Entrepreneurship is integrated across all Corestream programmes rather than being delivered as a standalone course. Participants receive training in business model development, design thinking, financial literacy, digital marketing, customer acquisition, and startup validation, enabling them to transform technical skills into sustainable businesses. Through the 4E Africa framework, learners are supported with mentorship from professionals working in Fortune 500 companies, exposure to innovation ecosystems, and guidance on building viable digital enterprises. Several participants have launched freelance businesses, technology startups, creative agencies, and digital service ventures following programme completion.

Delivery Approach and Outcomes

Corestream's delivery model combines competency-based learning, project-based assessment, mentorship, career support, and continuous monitoring, ensuring that learners develop practical skills directly applicable to the workplace. The organization has demonstrated the capacity to coordinate instructors, manage large learner cohorts, implement structured reporting systems, and deliver programmes in collaboration with government agencies, development organizations, and private-sector partners.

Across its programmes, Corestream has consistently delivered measurable outcomes, including improved digital literacy, industry-relevant technical competencies, strengthened entrepreneurial capacity, employment and self-employment pathways, and the creation of innovative digital solutions. This delivery experience positions the organization as a capable partner for implementing large-scale skills development programmes that contribute to youth empowerment, digital inclusion, and economic growth.","Mentorship, Industry and Investor Network

Corestream Networks and Robotics Limited has developed a growing network of industry professionals, technology organizations, mentors, employers, ecosystem partners, and investors that supports the development, employability, and entrepreneurial growth of programme participants.

Through our 4E Africa framework — Education, Engagement, Entrepreneurship and Employment  mentorship is integrated into programme delivery rather than treated as a standalone activity. Participants are connected to experienced professionals who provide practical guidance on technical careers, workplace readiness, product development, entrepreneurship, leadership, and business growth.

Our mentorship network includes professionals and mentors with experience across technology, software engineering, artificial intelligence, digital health, business development, creative industries, entrepreneurship, and corporate organizations. Through these relationships, learners are exposed to real-world industry practices and receive guidance on transitioning from training into employment, freelancing, entrepreneurship, or further professional development.

Corestream has established relationships and partnerships with organizations including Huawei, EC-Council, Arduino, British Computer Society (BCS), Institute of Commercial Management (UK), Turing, and Glowing Minds Initiative. These relationships provide opportunities for industry exposure, technical learning, professional development, mentorship, certification pathways, and access to broader technology ecosystems.

Our industry network also benefits from Corestream's experience as a software development and digital solutions company. Participants can gain exposure to real technology projects and industry challenges through our work in digital health, artificial intelligence, software engineering, education technology, and digital transformation. This creates opportunities for learners to apply their skills to practical problems and develop portfolios that demonstrate workplace competence.

For entrepreneurship-focused participants, Corestream provides access to an ecosystem of founders, business professionals, technology experts, and innovation stakeholders. Participants receive guidance on identifying market opportunities, validating ideas, developing business models, acquiring customers, managing finances, building digital products, and preparing for sustainable growth.

Corestream also maintains relationships within the investment and startup ecosystem, enabling promising founders and innovative projects to receive appropriate exposure to potential investors, accelerators, innovation programmes, and strategic partners. While investment decisions remain independent of the training programme, our role is to help entrepreneurs become investment-ready through stronger business models, documentation, product validation, financial understanding, and effective pitching.

Our mentorship and industry engagement model therefore follows a structured pathway:

Training → Mentorship → Practical Projects → Industry Exposure → Career/Business Development → Employment or Entrepreneurship.

This network strengthens Corestream's ability to deliver programmes that go beyond classroom instruction. Participants are equipped with technical and creative competencies while simultaneously gaining access to professional networks, practical experience, entrepreneurial guidance, and pathways into the wider digital economy.

Corestream will continue expanding its mentor, employer, industry, accelerator, and investor relationships to increase opportunities for programme participants and strengthen long-term employment and entrepreneurship outcomes.","Inclusion & Accessibility Capacity

Corestream's inclusion strategy is built on a track record, not just a target: our current IDEAS Project TVET cohort already stands at 63% female participation, well above the 40% benchmark, demonstrating that our recruitment and delivery model organically attracts and retains women. We will replicate and formalise this approach across all programme sites to sustain the 40% female target while building deliberate, additional pathways to reach 5% NEET (Not in Education, Employment, or Training) youth.

Reaching the 40% Female Target

Community-based recruitment: Partner with women's associations, faith-based groups, and local female role models (as already demonstrated in the IDEAS cohort) to drive trusted, peer-led outreach rather than generic advertising.
Female facilitators and mentors: Deploy women instructors and industry mentors visibly across cohorts so prospective female learners see relatable role models in technical and creative roles.
Safe, flexible learning environments: Offer training slots and formats (morning/afternoon options, hybrid delivery) that accommodate caregiving responsibilities, and ensure venues are safe and culturally appropriate, particularly in northern Nigeria.
Targeted messaging: Design outreach materials that explicitly welcome women into technology, robotics, and digital health tracks — areas where female enrolment is traditionally lower — rather than only Creative Media, where uptake is already strong.

Reaching the 5% NEET Youth Target

Direct partnership with NEET-serving structures: Work with state employment agencies, vocational centres, youth corps offices (NYSC), and community/religious leaders to identify and refer NEET youth who are outside conventional school or job networks.
Reduced-barrier entry: Waive formal prerequisite qualifications for NEET applicants, replacing them with an aptitude-based screening and orientation bootcamp to bring participants up to cohort-ready level.
Stipends and transport support: Provide modest participation incentives (transport allowance, data/airtime support) to offset the opportunity cost that often prevents NEET youth from completing training.
Wraparound support: Pair NEET participants with dedicated mentors and our M&E team for closer attendance tracking, given this group's higher risk of drop-off, and connect them early to the 4E Africa Employment pillar (internships, apprenticeships, startup incubation) so the training visibly leads somewhere.

Monitoring & Accountability

Disaggregate all enrolment, attendance, and outcome data by gender and NEET status from intake through graduation, reviewed monthly by the M&E Officer.
Set cohort-level minimums (not just programme-wide averages) so no single track or location falls below target, and course-correct recruitment mid-cycle where needed.
Report inclusion metrics alongside standard delivery metrics in every stakeholder and partner report, ensuring transparency on both female and NEET participation.

This combination of proven community trust (already yielding 63% female participation), deliberate NEET outreach infrastructure, and disaggregated monitoring positions Corestream not merely to meet but to sustainably exceed the 40% female and 5% NEET targets across the programme's life.","Corestream has active delivery relationships with institutions including the IDEAS Project TVET Programme, alongside partnerships with Huawei, EC-Council, Arduino, BCS, ICM UK, and Turing that support curriculum and facilitation standards. These relationships have been built through direct programme delivery, not just MOUs, giving us practical experience coordinating within host institutions' existing calendars and facilities.","We embed our training delivery within host institutions' existing entrepreneurship centres, career services, and student affairs offices rather than running parallel structures, using their existing referral and administrative channels. Alumni networks are engaged as a recruitment and mentorship pipeline, feeding both new applicants and post-programme employment or startup support.","Institutional staff and faculty are engaged from the design stage through joint planning sessions, co-facilitation opportunities, and shared access to learner progress data, so the programme is seen as an extension of their own mandate rather than an external add-on. Regular touchpoints (coordination meetings, shared reporting) keep faculty informed and give them a channel to shape delivery as it progresses.","Beneficiaries are identified through host institution channels — career services, entrepreneurship centres, and faculty referrals — supplemented by community-based outreach for NEET youth via youth agencies, NYSC offices, and local leaders. All applicants pass through an aptitude-based screening and orientation step to confirm fit and readiness before cohort placement.",yes,yes,"Corestream tracks learner attendance, assessments, and progress through structured registers and continuous assessment records, consolidated into stakeholder and partner reports on a regular cycle. Data is disaggregated by gender and NEET status to support inclusion monitoring alongside standard delivery metrics.","Corestream diversifies revenue across training service contracts (e.g., IDEAS Project TVET), proprietary programmes like 4E Africa and Coreskool, and product/consulting income from its Technology and Digital Health divisions (CoreHealth, Wecare247). This blended model reduces reliance on any single funder or contract, supporting continuity beyond individual programme cycles.","The Employment pillar of the 4E Africa framework connects graduates to internships, freelance opportunities, and startup incubation support, drawing on Corestream's own innovation ecosystem (CoreCert, WeCare247, CorePay) as a first destination for talent. Industry mentors and partner exposure built into the programme give learners direct visibility to employers before graduation.",false,true,true,true,true,true,true,Ibrahim Jimoh,CEO,2026-09-08 12:01:56.822+00,2026-09-08 12:01:56.822+00,2026-09-07 14:58:45.544876+00,2026-09-08 12:01:57.492747+00
85c56c7d-28f1-4826-8b8f-e3731cb11ae2,87aede7a-68c8-4304-a8eb-214ad6af7ad9,04e34081-9746-4d77-a729-c21c75147b8b,IDICE-NC-FCT-0001,DRAFT,FCT,Netkings Digital Connect Limited,registered_entity,,,,,,,,[],,,,,,[],,,,,,,,,,,,,false,false,false,false,false,false,false,,,,,2026-09-16 10:59:28.559956+00,2026-09-16 11:01:08.134355+00
8f82b2a1-f56c-4533-b174-979c54fc3172,6e61c535-20a5-4371-affc-1e5126c40bce,04e34081-9746-4d77-a729-c21c75147b8b,IDICE-NC-FCT-0001,DRAFT,FCT,Arobaba,institutional_unit,2019,Innovation Hub,www.celebrity.com,Arobaba Akag,Mr,08106427074,akagarobaba@gmail.com,"[""FCT""]",Garki Abuja,lt_15,4556789900,Part time,15 member board,"[""Technology""]",Done very well in the past,"Wootlab
Boi","Been open to all gender
Not segregating 
Receive them warmly",Mutual,Yes,Very easy,It won't be a challenge,yes,yes,Yes,True,Dhddj,true,true,true,true,false,false,false,Garry James,Mr,,,2026-09-22 15:30:59.887545+00,2026-09-22 15:56:58.697102+00
9497e203-3896-4dd2-865a-c502e902b8d3,f95d8365-d028-47ae-bf85-aa1b789e69c8,81e4d3e6-a12d-4761-8d1d-89057ff42ea9,IDICE-NC-KWA-0001,SUBMITTED,Kwara,Misala Salt enterprise,registered_entity,2024,Incubators and Accelerators,,Oluwatobi Salami,manager,90196131810,salamitobimi@gmail.com,"[""Kwara""]",no 12 along Old Jebba Road.,15_30,32716391-0001,full time,It is made up of like minded people.,"[""Technology""]",a group of people working in like minded faashion,,We would implement thorough way of getting the corrrect number of people on board.,We have worked with institutions before now.,We have worked with institutions before now.,,,yes,yes,,,yes,true,true,true,true,true,true,false,Oluwatobi Salami,Mr,2026-09-01 06:02:11.691+00,2026-09-01 06:02:11.691+00,2026-09-01 05:53:52.436144+00,2026-09-01 06:02:12.335792+00
ac75453a-6637-4e5b-99a5-2a9668818681,8dd78066-df22-48ff-a890-ddbd108dcd20,0c9b8d16-a929-4449-8cd3-1391f7175796,IDICE-NC-BEN-0001,SUBMITTED,Benue,Zevsj Limited,registered_entity,2014,Innovation Hub,https://www.facebook.com/share/1AomSFFmkq/,Sonter Julius Zever,Managing Director,08038806408,jzever@gmail.com,"[""Benue""]","No 49 Joe Akaahan Road, Makurdi, Benue State",lt_15,18059265-0001,"5 Full Time, 8 Part Time","ZEVSJ Limited is a private limited liability company incorporated under the Companies and Allied Matters Act 1990 and registered with the Corporate Affairs Commission of Nigeria with registration number RC 1209344. The organisation is additionally registered with the Special Control Unit Against Money Laundering (SCUML), confirming compliance with statutory anti-money-laundering controls relevant to the receipt and management of donor sub-award funds.
The organisation is structured around four integrated service pillars; Innovation Ecosystem Development; Digital Transformation & AI-Powered Enterprise Engineering; Startup Incubation & Acceleration; and Informal Sector Development & Vocational Engineering, each functioning as an operating division with its own delivery focus, supported by shared training infrastructure (digital labs, creative production facilities, vocational workshops, and collaboration spaces).
For this assignment, ZEVSJ will second a dedicated Centre Manager and designate Leads for Training, Incubation, Mentorship and Enterprise Support at the assigned Centre of Excellence, consistent with the CVs required for the Executive Director and functional leads.
1.	MD/CEO & Centre Manager: Day-to-day operational lead at the Centre; single point of contact for the host institution and Consortium.
2.	Training Lead: Curriculum delivery, facilitator scheduling, learner assessment and completion tracking.
3.	Incubation & Acceleration Lead: Startup pipeline, cohort structuring, product/market-readiness support
4.	Mentorship & Business Advisory Lead: Mentor recruitment and matching, advisory session coordination
5.	Enterprise Support & Industry Linkages Lead: Industry/investor partnerships, Demo Days, employer linkages for placement.
6.	M&E, GESI & Reporting Officer: Beneficiary database, KPI dashboard, quarterly/annual reports to the Aggregator Portal. GESI Compliance.
7.	Finance / Admin Officer: Local disbursement records, procurement, logistics, fund-retirement documentation.","[""Hybrid"",""Entrepreneurship"",""Industry linkage"",""Research support""]","Since incorporation in 2014, and with intensified delivery from 2018 onward, ZEVSJ has executed multi-stakeholder skills, enterprise and formalisation programmes with federal agencies, state government, international development partners and tertiary institutions, cumulatively engaging over 21,000 direct beneficiaries across the programmes below.
1.	2026
PROGRAMME:	NIGCOMSAT Accelerator Programme 3.0
INSTITUTIONS/ORGANIZATIONS:	Nigerian Communications Satellite Limited, NIGCOMSAT
BENEFICIARIES/OUTPUT:	2 Nigeria high-growth tech startups accelerated & mentored
2.	2025 
PROGRAMME: TVET Skill Training Centre – Social Media Communications & Creative Media (Digital Media Production)
INSTITUTIONS/ORGANIZATIONS:	National Board for Technical Education (NBTE), FGN
BENEFICIARIES/OUTPUT:	120 trainees; NABTEB-recognised certification 
(Centre No. 58002)
3.	2025
PROGRAMME: iHATCH for Startups, Cohort 4
INSTITUTIONS/ORGANIZATIONS:	Office for Nigeria's Digital Innovation (ONDI) / NITDA 
BENEFICIARIES/OUTPUT:	5 high-growth tech startups incubated and mentored in Benue State
4.	2024 – 2025
PROGRAMME:	IDEAS Project – Digital Skills Training
INSTITUTIONS/ORGANIZATIONS:	World Bank / Federal Ministry of Education/NBTE
BENEFICIARIES/OUTPUT:	500+ youth trained (Data Analysis, Cybersecurity, Digital Marketing); 52% female participation; internship placements; 12+ startups incubated in Benue State
5.	2023
PROGRAMME:	Rural Women's Economic Reorientation & Formalisation
INSTITUTIONS/ORGANIZATIONS:	IAERAD
BENEFICIARIES/OUTPUT:	3,567 rural women traders/processors formalised into structured micro-enterprises in Benue State
6.	2022
PROGRAMME:	CBN Tertiary Institutions Entrepreneurship Scheme (TIES)
INSTITUTIONS/ORGANIZATIONS:	Central Bank of Nigeria/BOI, we partnered Centres of Entrepreneurship in  Benue State University & Joseph Sarwuan Tarka University
BENEFICIARIES/OUTPUT:	10,640+ undergraduates and graduates trained
7.	2019 – 2021
PROGRAMME:	SMEDAN Benue State retainer – Youth Bootcamps, AGSMEIS, CGS, OLOP
INSTITUTIONS/ORGANIZATIONS:	Benue State Office, Small and Medium Enterprise Development Agency, SMEDAN
BENEFICIARIES/OUTPUT:	549 youth trained (2019); 5,345 trained + ₦105m funding access (AGSMEIS); 1,000 beneficiaries + ₦50,000 grants each (CGS); 6 cooperatives + ₦5m+ each (OLOP)
8.	2018 – 2021
PROGRAMME:	MSME formalisation, COVID-19 relief, credit facilitation
INSTITUTIONS/ORGANIZATIONS:	CAC, CBN Targeted Credit Facility, Federal Survival Fund
BENEFICIARIES/OUTPUT:	Business-name registrations, TCF/BVN documentation support, payroll & operating support to local MSMEs.","●	CEO personally engaged as an accelerator mentor by NIGCOMSAT (Federal Ministry of Communications & Digital Economy) for its Cohort 3.0 Accelerator Programme (2026), guiding assigned teams through idea refinement and validation.
●	Recognised regional incubation partner under ONDI/NITDA's iHATCH programme, mentoring high-growth tech startups in Benue State.
●	“Structured Mentorship & Talent Development” and “Corporate Governance & Strategic Mentorship” are standing service lines, connecting founders and trainees with industry leaders and hub alumni.
●	Direct experience linking beneficiaries to capital: facilitated access to ₦105,000,000 in AGSMEIS funding, ₦50,000 CGS grants to 1,000 beneficiaries, and ₦5,000,000+ OLOP cooperative grants, an active working relationship with public financing windows (CBN, SMEDAN).
●	Member of the Impact Investors Foundation, providing a channel into Nigeria's impact-investing and angel network for investment-readiness referrals and follow-on financing of graduating startups.","Track record: ZEVSJ has already met and exceeded comparable gender targets; the World Bank IDEAS project achieved 52% female participation, and the IAERAD partnership specifically formalised 3,567 rural women. This is direct evidence of capacity to reach, and exceed, the RFP's 40% female-participation target.
FEMALE PARTICIPATION (TARGET ≥40%)
●	Partner with the host institution's Women Affairs/Gender office, female student associations, and women-in-tech/entrepreneurship clubs for targeted outreach.
●	Recruit and feature female trainers, mentors and alumnae as visible role models across every cohort.
●	Offer flexible, caregiving-friendly training slots and on-site creche/childcare support during intensive sessions.
●	Track gender participation at every stage: application, selection, completion, certification, placement, with monthly parity checkpoints and escalated outreach if a cohort trends below target.
●	Maintain a zero-tolerance anti-harassment/GBV Code of Conduct and a confidential Grievance Redress Mechanism, so the training environment itself is not a barrier to retention.
NEET YOUTH PARTICIPATION (TARGET ≥5%)
●	Extend recruitment beyond the student population into host communities: local government youth desks, market/artisan associations, community and religious leaders, and NYSC orientation camps,  building on ZEVSJ's existing Informal Sector Development pillar, which already engages artisans, cooperatives and informal traders.
●	Waive academic-transcript prerequisites for Foundational-tier tracks; use simplified, literacy-friendly onboarding and local-language facilitation where needed.
●	Provide transport stipends and hold some sessions in community venues, not only on-campus, to reduce access barriers for non-student youth.
●	Cross-refer NEET beneficiaries identified through ZEVSJ's parallel SMEDAN/CAC formalisation and vocational-trades work into the Centre's training and incubation pipeline.","ZEVSJ is domiciled in Makurdi, Benue State, and holds a documented, multi-year working relationship with Benue State University.
●	Benue State University: engaged via a signed Letter of Collaboration (28 February 2022) with the University's Centre for Entrepreneurship Studies, for delivery of entrepreneurship training and business-development/technical support (business registration, business plan development) under the CBN Tertiary Institutions Entrepreneurship Scheme (CBN-TIES). The University has since been renamed Moses Orshio Adasu University.
●	A parallel relationship exists with the Centre for Entrepreneurship Development at the then Federal University of Agriculture, Makurdi, now Joseph Sarwuan Tarka University; under the same CBN-TIES engagement (Letter of Engagement, 28 January 2022). While that institution is not one of the 11 listed Centres of Excellence, it evidences ZEVSJ's general ability to operate as an embedded delivery partner inside university entrepreneurship-centre structures.
This existing, documented relationship at Benue State University materially de-risks onboarding for the Consortium: ZEVSJ has already worked inside the institution's governance and Centre structure, making it easy to work effiecently for the project devliery.","ZEVSJ's CBN-TIES engagement required it to “work closely with the Centre's staff for smooth delivery”  i.e. embedding within, rather than running parallel to, the university's own entrepreneurship infrastructure. The same model is proposed for the Centre of Excellence:
●	Entrepreneurship/Innovation Centres: co-locate CoE activity with the host institution's existing Centre for Entrepreneurship Studies/Development, using its existing relationships, calendar and institutional credibility rather than establishing a competing structure.
●	Career Services/Student Affairs: route beneficiary recruitment, internship and job-placement pipelines through the institution's career services and student affairs offices, aligned with ZEVSJ's own internship/job-placement facilitation service line.
●	Alumni Networks: draw on institutional alumni networks (alongside ZEVSJ's own hub alumni) as mentors, guest facilitators and Demo Day judges, and as a channel for post-programme employer linkages.
●	Faculty/Departments: engage relevant academic departments (Business, Computer Science, Creative Arts, Agriculture) as technical co-facilitators and assessment partners for discipline-specific tracks.","ZEVSJ has direct prior experience delivering staff capacity-development training and operated a knowledge-transfer model under CBN-TIES. The proposed plan for the Centre of Excellence:
●	Joint work-planning: co-develop the annual work plan and delivery calendar with designated institutional focal persons from the outset.
●	Training-of-Trainers (TOT): certify interested faculty/staff as co-facilitators for selected modules, building institutional capacity toward the Year 3 handover envisaged in the RFP's deliverables.
●	Participation in Consortium KTT: ensure both ZEVSJ staff and nominated institutional staff attend the Knowledge Transfer Training and ongoing capacity-strengthening sessions run by the Consortium.
●	Regular technical review meetings: monthly coordination meetings and quarterly joint reviews with institutional management.
●	Recognition and incentives: formalise faculty involvement through mentorship credit, approved co-facilitation honoraria, and co-authorship of case studies/knowledge products, to sustain engagement over the programme life.","A multi-channel recruitment funnel, drawing on ZEVSJ's existing outreach infrastructure:
●	On-campus: joint sensitisation with the Centre for Entrepreneurship Studies, student affairs, career services and academic departments; class/faculty announcements; orientation events.
●	Digital: social media and digital-marketing campaigns (an existing ZEVSJ service line), a simple online application form, and referral incentives for existing hub alumni.
●	Community/NEET outreach: local government youth desks, market and artisan associations, community/religious leaders and NYSC camps, feeding the informal-sector pipeline ZEVSJ already runs.
●	Partner referral: SMEDAN, NBTE and other agency contacts ZEVSJ already maintains.
●	Screening: applications scored against approved iDICE selection criteria (age 15–35, gender/inclusion balance, motivation, readiness), with a documented shortlisting and interview stage logged into a maintained beneficiary database from day one; feeding directly into MEL and Aggregator Portal reporting",yes,yes,"ZEVSJ already reports into funder-specific MEL structures, for example, quarterly technical reporting under its IDEAS/IGF partnership, which is itself governed by a documented reporting mechanism assessed quarterly and maintains beneficiary and startup-performance tracking across its programmes.
Proposed system for the Centre of Excellence, aligned to RFP Section 8 KPIs:
●	A central beneficiary database capturing demographics, gender/inclusion flags, attendance, assessment scores, certification and placement status.
●	A startup/incubatee tracker logging mentorship sessions, milestones and investment-readiness stage.
●	A quarterly-plus-annual reporting cycle (4 quarterly reports + 1 annual report, per RFP Section 7), feeding data into the Aggregator Portal.
●	Dashboard-based routine monitoring reports, plus periodic assessment/feedback surveys, per RFP Deliverable 12.
●	Support for Consortium/PCU monitoring visits, spot checks and financial desk reviews, with sub-award funds held on a dedicated sub-ledger separate from ZEVSJ's general accounts, a control already evidenced by ZEVSJ's use","ZEVSJ already operates a diversified, blended revenue base rather than relying on a single funding stream: grant/sub-award funding, retainer arrangements (SMEDAN Benue State office, 2019–2021), fee-for-service consulting, and hub-based training/workspace services:
●	Fee-based corporate/SME digital-transformation and AI-adoption training, sold to local businesses using the Centre's facilities outside student cohort hours.
●	Co-working/hub membership fees for incubated startups and alumni post-graduation.
●	Demo Day/industry-showcase sponsorship from private-sector and industry partners.
●	Continued grant and development-partner funding, leveraging ZEVSJ's existing SMEDAN, NBTE, World Bank/FME and NITDA relationships.
●	A modest revenue-share or alumni-giving arrangement with graduated, successfully placed startups, ploughed back into Centre operating costs after the Year 3 handover.","ZEVSJ already runs a defined Workplace Readiness & Employability Training line, embedded across incubation, TVET and digital-skills cohorts, plus an internship/job-placement facilitation function reinforced by its recruitment-best-practices support to partner startups.
Pathway proposed for the Centre of Excellence, mapped to the RFP's ≥80% / 6–12-month employability target:
●	1. Foundational/Developmental/Specialised skills training on approved curricula.
●	2. NABTEB-aligned assessment and certification:  ZEVSJ already holds NABTEB provisional NSQ Training Provider status (Centre No. 58002).
●	3. Employability/workplace-readiness module: professional communication, interview readiness, CV/portfolio development.
●	4. Structured internship or industry placement, sourced through ZEVSJ's existing employer/industry linkages and the Consortium's own industry partnerships.
●	5. Outcome tracking at 6 and 12 months across three tracks: formal employment, freelance/remote work (leveraging ZEVSJ's creative-sector gig-economy pathway), or self-employment/enterprise creation, supported by ZEVSJ's CAC business-formalisation service.",false,true,true,true,true,true,true,Sonter Julius Zever,MD,2026-09-15 22:30:13.726+00,2026-09-15 22:30:13.726+00,2026-09-15 12:12:19.743629+00,2026-09-15 22:30:22.806176+00
acd2d124-3987-4cf0-a35d-c452836b9954,8ac7c95f-4d61-4c45-91b3-f722e3d2f04f,530c10b5-061b-4b89-946e-adc1f59d9e2f,IDICE-NC-KOG-0001,SUBMITTED,Kogi,ojindo,registered_entity,2010,Innovation Hub,,Salt,ceo,07053784537,hr@ojindo.com,"[""Kogi"",""Kwara""]",ilorin,15_30,32716391-0001,20,I am the alpha and omega of the organization.,"[""Creative""]",move forward,,yes we are aligned towards the 40% female and 5% NEET youth targets for the program.,ok,po,,,yes,yes,,,mdkcdjkdkjdd,true,true,true,true,true,true,true,oluwatobi,salt,2026-09-24 15:49:51.342+00,2026-09-24 15:49:51.342+00,2026-09-24 11:34:18.115138+00,2026-09-24 15:49:51.430942+00
b14c476d-dcf4-4ee1-927b-61361480871f,a4947a4f-9a11-4aa0-acbc-15068acfa6c4,530c10b5-061b-4b89-946e-adc1f59d9e2f,IDICE-NC-KOG-0001,SUBMITTED,Kogi,AIKPEROKHA INNOVATION HUB LTD,registered_entity,2025,Innovation Hub,https://www.facebook.com/profile.php?id=61574956261196,THOMPSON AIKPEROKHA ABIOLA,HUB MANAGER / EXECUTIVE LEAD,2348033695302,aikperokhahub@gmail.com,"[""Kogi""]","1, MERAB PLAZA OPP DESTINY PLAZA, 
GANAJA JUNCTION, LOKOJA, KOGI STATE, 
NIGERIA",15_30,33011202-0001,2 full-time / 7 part - time staff,"Aikperokha Innovation Hub Ltd operates through a structured management and programme-delivery framework designed to ensure accountability, effective decision-making, transparent resource management and quality programme implementation.

The Hub Manager / Executive Lead provides overall strategic leadership, programme oversight, institutional coordination, compliance supervision and reporting. The Hub Manager works with functional leads responsible for programme delivery, technical innovation, operations and business development.

The proposed programme governance structure consists of:

Hub Manager / Executive Lead – Thompson Abiola: Provides overall leadership, strategic direction, institutional coordination, programme oversight and reporting supervision.
Programme & Community Lead – Favour Umar: Leads beneficiary engagement, community mobilisation, training coordination, mentorship support, gender inclusion and programme activities.
Technical & Innovation Lead – To Be Assigned: Oversees digital infrastructure, technology support, innovation activities, technical training and digital systems.
Operations & Business Lead – To Be Assigned: Coordinates partnerships, enterprise support, business development, events and ecosystem engagement.
M&E / Data Support – To Be Assigned: Manages beneficiary data, monitoring indicators, data quality, outcome tracking and programme reporting.
Finance & Administration – To Be Assigned: Supports budget management, procurement, financial documentation, administrative processes and compliance.
Support Staff / Volunteers – To Be Assigned: Provide logistics, communications, event support, participant assistance and Centre operations.

The governance framework promotes clear roles and responsibilities, segregation of duties, documentation, financial accountability, data protection, safeguarding, gender inclusion and evidence-based programme management. Programme activities will be monitored through regular internal reviews, beneficiary tracking, performance reporting and management oversight.

Aikperokha will maintain appropriate records and reporting mechanisms to support transparency and accountability to programme partners, host institutions and other relevant stakeholders.","[""Entrepreneurship"",""Research support"",""Technology"",""Creative"",""Hybrid"",""Industry linkage""]","Aikperokha Innovation Hub Ltd has built practical experience in delivering entrepreneurship, technology, digital skills, incubation, mentorship and enterprise development programmes for young people, students, entrepreneurs and early-stage startups in Kogi State and the wider North Central ecosystem.

Since commencing operations, the Hub has supported 15+ startups and entrepreneurs through structured business development guidance, mentorship, digital skills development, product development, customer validation and growth support. Our activities have included capacity-building sessions, boot camps, entrepreneurship workshops, founder advisory sessions, mentorship engagements and practical learning activities designed to help participants develop market-relevant skills and build sustainable ventures.

Aikperokha has also gained direct programme delivery experience through its participation in the iDICE Startup Bridge – Founders Lab, where the Hub supported assigned founders through structured programme activities, including one-on-one advisory sessions, business model development, customer discovery, MVP development, market validation, pitch preparation, financial planning and investment readiness. The experience strengthened our capacity to work with founders at different stages of development, monitor progress and provide targeted support based on individual venture needs.

During the Founders Lab engagement, the Hub facilitated and monitored founder participation, provided advisory support and encouraged practical validation of business ideas. Founders received guidance in areas such as identifying customer problems, refining value propositions, developing MVPs, preparing for pilots, improving business models and preparing for funding and investment opportunities.

Beyond startup support, Aikperokha has organised and facilitated entrepreneurship and digital skills activities for young people, including engagements with secondary school and university students. These activities have focused on entrepreneurship awareness, digital skills, innovation, career development and exposure to technology-enabled opportunities.

The Hub also maintains connections across the wider ecosystem, including engagements and collaborations involving organisations such as iHATCH Nigeria and WorldQuant University, as well as entrepreneurs, technology professionals, mentors, educators and other ecosystem stakeholders. These relationships enhance our ability to connect beneficiaries with relevant expertise, learning opportunities and industry exposure.

Our programme delivery model combines participant mobilisation, structured learning, practical workshops, mentorship, one-on-one support, founder check-ins, ecosystem engagement, attendance monitoring, progress tracking and outcome documentation. We use participant feedback and progress information to identify challenges early and adapt support where necessary.

Aikperokha has developed the operational capacity to coordinate physical and virtual sessions, manage participant communication, engage mentors and facilitators, maintain programme records, monitor participation and prepare stakeholder reports.

With a physical presence in Lokoja, Kogi State, an understanding of the local entrepreneurial ecosystem and experience supporting early-stage ventures, Aikperokha is positioned to deliver an inclusive, practical and outcome-focused programme that connects beneficiaries to skills, mentorship, industry, markets and investment opportunities.","Aikperokha Innovation Hub Ltd has developed relationships across the entrepreneurship, technology, education, innovation and business ecosystem to provide founders and young entrepreneurs with access to quality mentorship, industry knowledge, skills development and relevant growth opportunities.

The Hub will leverage its ecosystem connections and collaborations with organisations such as iDICE Startup Bridge, iHATCH Nigeria and WorldQuant University, alongside experienced entrepreneurs, technology professionals, product and business development practitioners, mentors, educators and other ecosystem stakeholders. These relationships will provide beneficiaries with practical exposure, technical knowledge and opportunities to connect with professionals and organisations relevant to their ventures.

Through its participation in the iDICE Startup Bridge – Founders Lab, Aikperokha has gained practical experience supporting early-stage founders through structured mentorship, business model development, customer discovery and validation, product development, market strategy, pitch preparation and investment readiness. The Hub will apply this experience to support participating enterprises throughout the programme and beyond.

The Hub will strengthen its network through:

Mentor matching based on founders’ specific business, technical and development needs.
Expert-led workshops and masterclasses covering entrepreneurship, technology, data, product development, business strategy and investment readiness.
Industry engagement through ecosystem partners, guest sessions, networking opportunities and potential commercial connections.
Investor-readiness support, including pitch development, financial planning, business model refinement and preparation for funding opportunities.
Founder networking and peer learning to encourage collaboration, knowledge sharing and partnerships.
Demo Days and ecosystem events connecting promising ventures with relevant industry stakeholders, mentors and potential investors.
Post-programme engagement to sustain relationships and facilitate continued access to relevant opportunities.

Aikperokha will maintain a structured database of mentors, industry contacts and ecosystem partners, track engagements and document outcomes. This approach will enable the Hub to continuously strengthen its enterprise support network and create sustainable pathways for beneficiaries to access knowledge, markets, partnerships, mentorship and investment opportunities.","Aikperokha Innovation Hub Ltd is committed to ensuring that women and young people who are not in employment, education or training (NEET) have meaningful access to the opportunities provided through the programme. Our strategy combines targeted outreach, inclusive programme design, accessible participation and continuous monitoring to achieve and sustain the required 40% female participation and 5% NEET youth targets.

1. Targeted outreach and recruitment:
We will work with schools, tertiary institutions, youth organisations, women-focused networks, community groups, digital communities and local ecosystem partners to reach diverse applicants. Specific outreach campaigns will encourage women and NEET youth to apply, with clear information about programme benefits, eligibility and participation requirements.

2. Inclusive selection and mobilisation:
Our recruitment process will monitor applications and selections by gender and employment/education status. Where participation targets are not being met, we will intensify targeted mobilisation before programme commencement and during replacement or additional recruitment rounds.

3. Accessible programme delivery:
We will provide a welcoming and inclusive learning environment, combining physical and digital engagement where appropriate. Programme activities will be scheduled to reduce barriers to participation, while practical support will be provided to participants who face reasonable access challenges.

4. Women-focused engagement:
Female participants will have access to relevant mentors, women entrepreneurs, technology professionals and ecosystem leaders who can provide guidance on entrepreneurship, digital skills, product development, business growth and career opportunities.

5. NEET youth engagement:
We will identify and actively engage unemployed or out-of-school youth through community outreach and youth networks, providing pathways into digital skills, entrepreneurship, mentorship, internships, enterprise development and employment opportunities.

6. Monitoring and accountability:
Aikperokha will maintain participant records disaggregated by gender and NEET status, review participation throughout the programme and track completion and outcomes. This data-driven approach will help us identify participation gaps early and take corrective action to achieve the 40% female and 5% NEET youth targets.","Aikperokha Innovation Hub Ltd has developed relationships with educational institutions, youth-focused organisations and ecosystem stakeholders across Kogi State and the wider North Central region. These relationships provide the Hub with channels for participant mobilisation, skills development, entrepreneurship engagement, mentorship and industry exposure.

The Hub has experience engaging secondary schools and tertiary institutions through entrepreneurship and digital skills activities, creating opportunities to reach students, graduates, young entrepreneurs and aspiring innovators. These engagements have helped Aikperokha build an understanding of the needs of young people within the local education and entrepreneurship ecosystem.

Through its participation in the iDICE Startup Bridge – Founders Lab, Aikperokha has also worked within a structured ecosystem involving founders, mentors, Enterprise Support Organisations and programme stakeholders. This has strengthened the Hub’s capacity to coordinate with institutions and ecosystem partners in delivering structured enterprise support activities.

Aikperokha also maintains relationships within the wider technology and innovation ecosystem, including connections involving iHATCH Nigeria and WorldQuant University, as well as entrepreneurs, technology professionals, educators, mentors and other youth-development stakeholders. These relationships can support referrals, expert sessions, learning opportunities and industry engagement for programme beneficiaries.

For the iDICE North Central programme, the Hub will strengthen engagement with relevant host institutions in Kogi State and neighbouring North Central locations to support participant mobilisation, venue access, programme awareness and community outreach. Where formal institutional agreements are required, Aikperokha will work with the relevant institution to establish clear roles, responsibilities and delivery arrangements before programme activities commence.

Our approach is to build mutually beneficial relationships with host institutions while ensuring that programme delivery remains accessible, well-coordinated and aligned with institutional policies.

Aikperokha will document institutional engagements, focal persons, activities, referrals and outcomes to maintain accountability and support long-term collaboration beyond the programme period.","Aikperokha Innovation Hub Ltd will work closely with existing structures within host institutions to ensure effective participant mobilisation, programme delivery, communication and sustainability. Rather than creating parallel structures, the Hub will integrate programme activities with established institutional channels and designated focal persons.

The Hub will coordinate with Entrepreneurship and Innovation Centres to identify students and young entrepreneurs, promote entrepreneurship activities, support venture development and facilitate access to relevant mentors, business development resources and ecosystem opportunities.

Engagement with Career Services and Career Development Units will support outreach to students, recent graduates and job-seeking young people, particularly those interested in digital skills, entrepreneurship, technology careers and self-employment. These units will also support dissemination of programme information and referrals of eligible participants.

The Hub will work with Student Affairs and student support structures to facilitate communication with students, coordinate programme schedules, support attendance and ensure that activities complement existing institutional calendars and policies. Student representatives and relevant administrative officers may also support mobilisation and communication.

Alumni networks will provide an additional channel for reaching graduates, entrepreneurs and professionals who can participate as mentors, guest speakers, industry experts or ecosystem connectors. Alumni with relevant entrepreneurial, technology or professional experience can contribute practical insights and potential industry linkages.

Aikperokha will establish clear communication channels with designated institutional focal persons and agree on responsibilities for mobilisation, venue coordination, scheduling, participant verification, attendance monitoring and reporting. Regular coordination meetings and progress updates will be used to address implementation issues and maintain alignment.

The Hub will also maintain records of institutional engagements, participant referrals, activities and outcomes. This coordinated approach will enable Aikperokha to leverage existing institutional structures efficiently, reduce duplication, strengthen stakeholder ownership and create pathways for continued entrepreneurship, digital skills and enterprise development support after the programme.","Aikperokha Innovation Hub Ltd will actively engage relevant institutional staff and faculty as key stakeholders in programme mobilisation, delivery, mentorship and sustainability. Our approach will focus on collaboration with existing institutional structures while minimising disruption to academic and administrative activities.

Before programme commencement, the Hub will identify and engage designated representatives from Entrepreneurship Centres, Career Services, Student Affairs, academic departments and other relevant units. Introductory meetings will be used to communicate programme objectives, eligibility requirements, delivery schedules, expected outcomes and the specific roles staff and faculty can play.

Institutional staff will support participant mobilisation and referrals by sharing programme information through approved institutional communication channels, identifying eligible students and graduates, and encouraging participation among women, unemployed young people and aspiring entrepreneurs.

Faculty members with relevant expertise in technology, entrepreneurship, business, data, innovation, creative industries and related fields will be invited to contribute as guest speakers, facilitators, mentors or technical advisers where appropriate. Their academic and practical knowledge can complement the programme curriculum and provide participants with relevant sector-specific insights.

The Hub will also encourage faculty and staff to support venture identification and validation by connecting participants with relevant departments, research resources, laboratories, student innovation communities and potential users where applicable. This can help founders test ideas, gather feedback and strengthen their solutions.

Regular communication will be maintained through designated institutional focal persons, with updates on programme schedules, participant engagement, attendance and emerging implementation needs. Aikperokha will also seek feedback from institutional staff and faculty to improve programme delivery and ensure activities remain aligned with institutional priorities and policies.

Following programme completion, the Hub will maintain relationships with participating staff and faculty to support continued mentorship, referrals, entrepreneurship activities and ecosystem linkages.

This collaborative approach will strengthen institutional ownership, improve participant mobilisation, leverage existing expertise and create a sustainable support network for young entrepreneurs beyond the programme period.","Aikperokha Innovation Hub Ltd will use a structured, transparent and inclusive beneficiary identification and referral process to reach eligible young people, entrepreneurs and aspiring innovators across the North Central ecosystem. The process will combine institutional referrals, community outreach, digital mobilisation and ecosystem partnerships.

1. Institutional referrals:
The Hub will work with Entrepreneurship Centres, Career Services, Student Affairs, academic departments and alumni networks within host institutions to identify eligible students, graduates, aspiring entrepreneurs and young people interested in digital skills and enterprise development.

2. Community and youth outreach:
Aikperokha will engage youth organisations, community groups, women-focused networks, entrepreneurship communities and local stakeholders to reach young people who may not have direct access to institutional channels. Special attention will be given to reaching women and NEET youth in line with programme participation targets.

3. Digital mobilisation:
Programme opportunities will be promoted through the Hub’s digital and community communication channels, including social media, online communities, mailing lists and partner networks. Clear information on eligibility, application requirements, programme benefits and timelines will be provided.

4. Partner referrals:
The Hub will leverage its ecosystem relationships, including connections with iDICE Startup Bridge, iHATCH Nigeria, WorldQuant University, entrepreneurs, mentors, technology professionals and other youth-development stakeholders, to identify and refer suitable beneficiaries.

5. Screening and verification:
Interested applicants will complete an application or registration process capturing relevant information such as age, location, gender, education/employment status, entrepreneurial experience, digital skills interests and business or career goals. Applications will be screened against the programme's eligibility requirements.

6. Inclusive selection:
Aikperokha will monitor applications and selections by gender and NEET status to support achievement of the required 40% female and 5% NEET youth targets. Where gaps are identified, targeted outreach will be intensified.

7. Referral and onboarding:
Selected beneficiaries will receive clear onboarding information covering programme schedules, expectations, attendance requirements and available support. Referral records and participant data will be maintained securely for monitoring, reporting and programme evaluation.",yes,yes,"Aikperokha Innovation Hub Ltd uses structured monitoring, reporting and data management processes to track programme participation, learning progress, founder development and outcomes. Our approach combines digital data collection, attendance monitoring, regular check-ins, documentation and periodic reporting.

Participant Registration and Profiling:
Beneficiary information is collected during registration and onboarding, including basic demographic information, location, gender, education/employment status, entrepreneurial stage, digital skills interests and programme goals. This information supports participant segmentation, targeted support and monitoring of inclusion targets, including the 40% female and 5% NEET youth targets.

Attendance and Participation Tracking:
The Hub maintains attendance records for physical and virtual sessions, workshops, mentorship meetings and other programme activities. Participation data is reviewed regularly to identify beneficiaries who may require follow-up or additional support.

Progress Monitoring:
Participants are monitored through structured check-ins, mentor feedback, activity records, assignments, business development milestones and founder progress updates. For startup-focused programmes, progress may include customer discovery, validation, MVP development, pilot activities, business model refinement, revenue development and investment readiness.

Digital Data Management:
Aikperokha uses digital tools such as Google Forms, Google Sheets/Drive and Microsoft Excel for registration, data collection, record management, attendance tracking and reporting. Where appropriate, dashboards and data visualisation tools such as Power BI can be used to analyse participation, engagement and programme outcomes.

Reporting:
Programme coordinators consolidate activity data into periodic reports covering participant numbers, attendance, activities delivered, mentorship engagements, milestones achieved, challenges, corrective actions and emerging outcomes. Reports are supported by relevant documentation such as attendance records, photographs, session reports, mentor feedback and participant outputs.

Data Quality and Confidentiality:
The Hub will apply data validation and regular record reviews to minimise duplication and errors. Access to participant information will be limited to authorised programme personnel, and data will be handled responsibly in line with applicable privacy and data-protection requirements.

Learning and Improvement:
Monitoring data and participant feedback will be reviewed throughout programme delivery to identify gaps, improve engagement and adapt support. At programme completion, Aikperokha will consolidate results and lessons learned to assess outcomes and strengthen future programme delivery.

This system provides a practical framework for accurate tracking, evidence-based decision-making, transparent reporting and continuous programme improvement.","Aikperokha Innovation Hub Ltd will pursue a diversified sustainability model that combines earned revenue, strategic partnerships, sponsorships and carefully targeted grant opportunities. The objective is to build a financially sustainable innovation hub capable of continuing enterprise and digital skills support beyond the programme funding period.

1. Membership and Coworking Services:
The Hub will generate recurring revenue through affordable community and coworking memberships, providing access to workspace, internet, meeting facilities, networking and selected business support services. Flexible membership packages will serve students, freelancers, startups, SMEs and professionals.

2. Paid Training and Professional Development:
Aikperokha will offer affordable paid training, boot camps and masterclasses in areas such as digital skills, data science, software development, cloud technologies, product management, entrepreneurship and business development. Advanced programmes and specialised corporate training will provide additional revenue.

3. Incubation and Business Support Services:
The Hub will provide fee-based services including business plan development, product advisory, market research, customer validation, pitch preparation, digital product support and business growth consulting. Selected startups may also access structured incubation and acceleration packages.

4. Corporate Partnerships and Sponsorships:
Aikperokha will develop partnerships with companies, financial institutions, technology organisations, development organisations and other private-sector stakeholders to sponsor training cohorts, innovation challenges, entrepreneurship events and youth development initiatives.

5. Grants and Programme Funding:
The Hub will continue to pursue competitive grants and programme funding from government agencies, development partners, foundations and ecosystem programmes. Grants will complement rather than replace earned revenue and will be targeted toward activities with measurable social and economic impact.

6. Industry and Ecosystem Partnerships:
Relationships with organisations such as iHATCH Nigeria, WorldQuant University and other ecosystem stakeholders will be strengthened to create opportunities for technical training, mentorship, referrals, industry engagement and joint programmes.

7. Digital and Knowledge Products:
The Hub will progressively develop digital learning resources, workshops, templates and other knowledge products that can generate additional income while expanding access beyond the physical hub.

Aikperokha will monitor revenue by stream, manage operating costs and reinvest a portion of earnings into infrastructure, programme delivery and community support. This diversified model will reduce dependence on a single funding source and strengthen the Hub's ability to sustain its operations and continue supporting entrepreneurs and young people in North Central Nigeria.","Aikperokha Innovation Hub Ltd will create a practical pathway that connects programme beneficiaries from skills development to employability, internships, industry exposure, entrepreneurship and employment opportunities. The approach will combine technical training, career preparation, employer engagement and post-programme referrals.

1. Skills and Career Assessment:
At onboarding, beneficiaries will be profiled based on their existing skills, interests, career goals and areas requiring development. This will enable the Hub to align participants with relevant learning tracks and potential industry opportunities.

2. Industry-Relevant Skills Development:
Participants will receive practical training in areas such as digital technology, data, software development, cloud technologies, product development, creative skills, entrepreneurship and business development. Training will emphasise practical projects and portfolio development so participants can demonstrate their capabilities to prospective employers.

3. Career Readiness:
The Hub will provide support with CV development, LinkedIn profiles, portfolios, interview preparation, communication skills, professional conduct and job-search strategies. Participants will also be guided on freelance, remote-work and entrepreneurial opportunities where appropriate.

4. Industry Engagement:
Aikperokha will leverage its ecosystem relationships with technology professionals, entrepreneurs, businesses, iHATCH Nigeria, WorldQuant University and other relevant stakeholders to facilitate industry talks, mentorship, networking, workplace exposure and referrals.

5. Internship and Apprenticeship Pathways:
Where opportunities are available, qualified participants will be referred to companies, startups, SMEs and ecosystem organisations for internships, apprenticeships, project placements and work-based learning. Placement will be matched to participants' skills and career interests.

6. Employer and Opportunity Matching:
The Hub will maintain an opportunity pipeline covering jobs, internships, freelance engagements, apprenticeships and entrepreneurship opportunities. Participants who meet relevant requirements will be referred to suitable opportunities, while employers and partners can access a pool of trained emerging talent.

7. Entrepreneurship as an Employment Pathway:
Participants interested in entrepreneurship will receive support to validate business ideas, develop MVPs, identify customers, build business models and pursue market and funding opportunities. This creates pathways for participants to become job creators as well as job seekers.

8. Post-Programme Tracking:
Aikperokha will maintain alumni records and conduct follow-ups to track employment, internships, business launches, additional training and other outcomes. Lessons from these results will inform future industry engagement and programme delivery.

This pathway ensures that programme participation extends beyond training and provides beneficiaries with practical routes into employment, work experience, self-employment and enterprise growth.",true,true,true,true,true,true,true,THOMPSON AIKPEROKHA ABIOLA,Hub Manager / Founder,2026-09-16 04:17:45.899+00,2026-09-16 04:17:45.899+00,2026-09-15 22:40:07.62094+00,2026-09-16 04:17:46.147504+00
c1a701b2-a087-42a6-89db-b1d4e75a2710,84d3d68c-cf5e-4c4d-a921-a2014de17378,00605d6a-980d-406e-a669-c49fc93044cd,IDICE-NC-PLA-0001,DRAFT,Plateau,Zujiret enterprise,registered_entity,2020,Startup Support Organisations,Yenbyen Fellowship,Timbyen Daser,Team lead,07036701716,tdaser2@gmail.com,[],,,,,,[],,,,,,,,,,,,,false,false,false,false,false,false,false,,,,,2026-09-09 13:51:22.507963+00,2026-09-09 13:58:27.315978+00
c6ac6d12-a506-420b-b5c8-1524b6fc7720,f579f6f1-281c-4d22-b00c-273719cbbb26,1c510fe8-ad6d-4204-84ec-7562eb5900c5,IDICE-NC-NIG-0001,SUBMITTED,Niger,EGO Foundation LTD/GTE,registered_entity,2020,Innovation Hub,https://egofoundation.org.ng/  Facebook:  EGO Foundation https://www.facebook.com/egofoundation.ng  Instagram:  egofoundation https://www.instagram.com/egofoundation  Linkedin: EGO Foundation https://www.linkedin.com/company/ego-foundation/,Toluwase Olaniyan,Executive Director,+2348030724533,toluwase@egofoundation.org.ng,"[""Niger"",""Kogi""]","Room 366387, Main Administrative Welfare Building, Ajaokuta.

Office No 5/7 Wakeel Shopping Mall, Opposite NSTA Workshop, City Gate, Minna, Niger State.",15_30,RC-1653864,"50 full-time, 17 part-time staff","EGO Foundation operates through a structured governance and management system comprising the Board/Governing Body, Executive Director and functional programme and operational teams. The Board provides strategic oversight, governance, accountability and fiduciary supervision, while the Executive Director provides overall organisational leadership and ensures implementation of approved strategies and programmes.

Programme implementation is supported by dedicated functions covering programme management, training and technical delivery, incubation and enterprise development, mentorship and business development, monitoring and evaluation/quality assurance, finance and administration, communications, partnerships and community engagement.","[""Entrepreneurship"",""Creative"",""Technology"",""Industry linkage""]","EGO Foundation has demonstrated experience delivering youth-focused skills development, entrepreneurship, enterprise development, digital skills, technical and vocational education, employability and innovation programmes across multiple states in Nigeria. The organisation's programme delivery model combines practical training, mentorship, enterprise support, financial and digital literacy, incubation, community engagement and pathways to employment and entrepreneurship.

Relevant experience includes the Enterprise Lab: NYSC Edition, SmartTech Bootcamp Programme, NBTE-TVET Programme, WorkSkill Project and GIZ Hospitality Project. These interventions have reached thousands of young people and have integrated entrepreneurship, digital skills, employability, practical vocational training and enterprise development.

The Enterprise Lab: NYSC Edition, supported by Access Holdings, trained over 3,000 NYSC entrepreneurs across Lagos and Ondo, assessed more than 800 business pitches, supported 150 businesses with CAC registration and selected three businesses for grant support. The SmartTech Bootcamp targeted 5,000 undergraduates and recent graduates across Ondo, Oyo, Lagos and Ogun with digital, employability and entrepreneurship skills.

EGO's NBTE-TVET Programme, supported by the Federal Government, Federal Ministry of Education and National Board for Technical Education, equipped 94 young Nigerians with technical, vocational, digital and entrepreneurship skills across four vocational trades.","EGO Foundation maintains relationships across the development, education, entrepreneurship, technology, financial services and skills development ecosystems. Its programme partnerships and engagements have included organisations such as Access Holdings, GIZ, the National Board for Technical Education, Federal Ministry of Education and other institutional and development-sector stakeholders.

Through its enterprise development and skills programmes, EGO connects beneficiaries to mentors, business development support, enterprise registration, funding opportunities, industry exposure and practical pathways toward employment and entrepreneurship.

The organisation's Enterprise Lab model demonstrates this approach through business training, mentorship, pitch assessment, CAC registration support and grant-readiness opportunities for emerging entrepreneurs.","EGO Foundation applies an inclusion-focused approach to programme design and beneficiary recruitment, with particular attention to women, young people, underserved communities, persons with disabilities and participants facing barriers to education, employment and enterprise development.

For the iDICE programme, EGO will deliberately integrate gender-responsive outreach and inclusive recruitment mechanisms to support the achievement of the required 40% female participation and 5% NEET youth targets. Recruitment will be conducted through tertiary institutions, youth networks, community organisations, digital channels, entrepreneurship ecosystems and referral partnerships.

The organisation will track participation disaggregated by gender, age, location and relevant vulnerability/inclusion indicators, while ensuring that training delivery, communication and learning environments are accessible and responsive to diverse participant needs.","EGO Foundation has extensive experience working within tertiary education environments through skills development and employability programmes. Its WorkSkill Project has reached 2,500 students across FUTA, UNILAG, University of Ibadan, OGITECH and LAUTECH, demonstrating its capacity to coordinate programmes within higher education institutions and engage students as beneficiaries.
For the proposed iDICE engagement, EGO will work closely with the designated host institution's management and relevant institutional structures to align programme delivery with institutional priorities and existing entrepreneurship, career development and student-support systems.","EGO Foundation will establish a structured coordination mechanism with the host institution involving relevant management representatives, entrepreneurship/innovation centres, career services, student affairs, alumni networks and relevant academic departments.

The coordination model will include joint beneficiary mobilisation, referral, scheduling, communication, access to facilities, safeguarding, monitoring and reporting. EGO will ensure that programme activities complement rather than duplicate existing institutional initiatives. Regular coordination meetings will be used to review participation, programme performance, challenges, referrals and emerging opportunities.","EGO will engage institutional staff and faculty as ecosystem partners rather than only administrative counterparts. Relevant faculty, entrepreneurship centre personnel, career officers and student-support teams will be oriented on programme objectives, beneficiary eligibility, referral mechanisms and available enterprise support services.

Faculty and institutional staff will support beneficiary identification, mobilisation, referrals, access to relevant student networks and identification of promising entrepreneurs and innovators. Where appropriate, selected staff may also participate in mentorship, expert sessions, ecosystem events and enterprise-development activities.","Beneficiaries will be identified through a multi-channel recruitment and referral strategy involving the host institution, entrepreneurship and innovation centres, faculty networks, student associations, career services, alumni networks, youth organisations, community networks and digital recruitment channels.

Interested participants will complete an eligibility and registration process, after which beneficiaries will be screened and segmented according to programme needs, including entrepreneurial stage, business needs, digital/creative interests and employment or enterprise goals.

Priority will be given to eligible young people, women, NEET youth and underserved participants while maintaining transparent and merit-based selection procedures. Participant data will be captured at onboarding and used to establish baseline information for monitoring and subsequent outcome tracking.",yes,yes,"EGO Foundation uses structured programme monitoring and reporting systems across its interventions. Programme data is collected from registration and onboarding through attendance, training participation, assessments, feedback, mentorship, enterprise support and post-programme follow-up.

The organisation maintains participant trackers and programme databases and uses pre- and post-training assessments, attendance records, activity reports, beneficiary feedback and outcome tracking to assess programme performance. Data is disaggregated where appropriate by gender, age, location and participant category.

Programme teams use monitoring data to identify implementation gaps, improve participant support and inform periodic reporting to partners and funders. EGO will align its monitoring framework with Wootlab/iDICE reporting and quality-assurance requirements and establish clear indicators covering outreach, participation, completion, skills acquisition, enterprise development, employment and post-programme outcomes.","EGO Foundation's sustainability model combines donor and institutional programme funding with internally generated revenue from project execution, subscriptions, training and participant contributions. In FY2025, the organisation recorded approximately ₦116.9 million in total operating income, with approximately 95% derived from donor, grant and institutional partnership funding and approximately 5% from internally generated sources.

For the iDICE ecosystem, EGO will pursue sustainability through continued institutional partnerships, enterprise-support contracts, skills-development partnerships, industry collaborations, fee-based advanced training where appropriate, mentorship and advisory services, and partnerships that connect trained beneficiaries to employment and enterprise opportunities.","EGO Foundation will position the programme around clear pathways from skills and enterprise development to economic opportunities. Participants will receive practical, market-oriented training alongside employability preparation, entrepreneurship support, mentorship and business advisory services.

For job-seeking participants, the programme will support portfolio development, CV and interview preparation, workplace readiness, digital professional skills and connections to relevant employment opportunities. For entrepreneurs, support will include business development, market readiness, enterprise formalisation, financial literacy, pitching and connections to relevant ecosystem opportunities.

EGO's existing experience across technology, entrepreneurship, vocational training and enterprise development provides a foundation for connecting participants to employers, entrepreneurs, mentors, service providers and other ecosystem actors.",false,true,true,true,true,true,true,Toluwase Olaniyan,Executive Director,2026-09-23 16:39:26.991+00,2026-09-23 16:39:26.991+00,2026-09-11 07:51:06.042875+00,2026-09-23 16:39:27.212337+00
cae4dd9f-2303-438f-b4a3-b41e01508410,27c42ce0-f1a3-4fcd-a031-b3c82f15db80,04e34081-9746-4d77-a729-c21c75147b8b,IDICE-NC-FCT-0001,DRAFT,FCT,AFRICAN INSTITUTE FOR INNOVATIVE COMPUTER EDUCATIO,institutional_unit,2026,Innovation Hub,https://www.aieducation.africa/,Kingsley Onyekachi Okpeh,Executive Director,07068700068,aicesa@aieducation.africa,"[""FCT""]",Tarie Pharmacy (Upstairs) Duste Alhaji First Gate Abuja,lt_15,,,,[],,,,,,,,,,,,,false,false,false,false,false,false,false,,,,,2026-09-04 19:24:47.128347+00,2026-09-17 22:40:56.658668+00
cae6b4f6-e7e8-4199-87c4-e88dbc703f98,79f4fda3-a464-49e3-a275-d1823dded2bb,04e34081-9746-4d77-a729-c21c75147b8b,IDICE-NC-FCT-0001,SUBMITTED,FCT,Mountmove Global,registered_entity,2024,Startup Support Organisations,https://www.mountmoveglobal.com/,Obi Umegbolu,CEO,08104202870,obi@mountmove.org,"[""FCT""]","Suite 202B Samfa Plaza, Ndola Crescent, Wuse Zone 5, Abuja",15_30,31638559-0001,"4 Full time, 12 part-time staff, 6 freelance/volunteers","MountMove Global is led by the CEO, supported by four permanent staff, 12 part-time or freelance specialists, and six industry mentors.
Our governance structure combined a Board of Directors, an executive leadership team and an Advisory Board, drawing on proportionate international governance practices within Nigeria’s legal framework.
The Board comprises the CEO/Managing Director and a part-time Non-Executive Chair with finance and governance experience. Its responsibilities include approving strategy and budgets, reviewing risks, overseeing major commitments and holding executive leadership accountable.
The CEO manages daily operations. We allocate the four permanent roles across operations and delivery, technology and engineering, business growth and advisory, and training and incubation, with clear responsibilities and reporting lines.
A three-member Advisory Board would provide independent guidance on technology and AI, finance and commercial growth, and enterprise development. The members were drawn from our six industry mentors. Advisers support decision-making without statutory voting or executive authority.
We have quarterly board and advisory meetings, monthly management reviews, documented decisions, delegated spending limits and conflict-of-interest declarations. Outsourced accounting support strengthens financial oversight. Appointments and governance arrangements followed the Companies and Allied Matters Act and the company’s articles of association.","[""Technology"",""Entrepreneurship"",""Hybrid"",""Industry linkage""]","MountMove Global draws on programme delivery across the wider MountMove organisations and the professional experience of our founder. This includes completed digital skills and employability programmes, practical enterprise support, and mentoring for startups and small businesses in the UK and Africa.
Our completed 12-week ESS programme combined project-based data analysis with soft skills development. Participants worked on practical tasks while developing communication, teamwork, critical thinking and problem-solving skills. This approach connected technical learning with workplace applications and helped participants understand how data can inform business decisions.
Through MountMove CIC, we also delivered the Empowerment Skills for Success programme in Sheffield in 2026. This 12-week programme combined online learning with three face-to-face community learning days, engaging young adults in digital storytelling, employability and intergenerational learning. Participants used older residents’ experiences to explore local heritage while practising interviewing, editing, content production and presentation.
The completion report records 69 participants, five fully recorded oral histories, and digital outputs including podcasts, written features and short videos. Before and after participant self-assessments showed that 54 of 69 reported confidence increasing from the lowest to the highest rating. 48 of 69 reported digital proficiency improving from intermediate levels to the highest rating. These are reported learning and confidence outcomes. The programme concluded, and its completion report was signed off.
In Nigeria, we have also delivered ESS digital skills activities using historical stories as learning material. This experience demonstrates our ability to connect technology education with familiar cultural content. It is particularly relevant to programmes that seek to make digital participation accessible while recognising local knowledge, identity and community experience.
Our founder brings over two decades of technology, innovation and business development experience. His startup and SME support has included mentoring through Enterprise Nation’s Help to Grow programme in the UK and the Tony Elumelu Foundation, alongside involvement with Be the Business, FasterCapital and IdeaGist USA. His support covers business models, product development, customer acquisition, growth planning, and the practical use of data and AI. These engagements contribute personal delivery experience and networks to MountMove Global’s capacity.
His education and assessment background strengthens programme quality. As a Senior Data Skills Coach at Avado, he coached hundreds of professionals and apprentices and developed a Data Champions programme to encourage workplace application. He contributed to data apprenticeship standards and assessment materials through BCS, The Chartered Institute for IT, London and has undertaken independent assessment work with City & Guilds and Pearson. He co-authored the BCS publication Data Analyst: Careers in Data Analysis.
Across this experience, our approach combines structured teaching, practical projects, mentoring and reflection. The Sheffield programme used participant records, digital outputs and regular skills assessments to document progress. Its delivery also required coordinating trainers, community contributors and learner support across online and physical settings.
These programmes provide a practical foundation for delivering culturally relevant digital learning and enterprise support. They demonstrate experience in engaging learners, organising delivery, producing tangible outputs and evaluating participant development, while linking technical skills with the human capabilities needed for employment and entrepreneurship.","Our founder brings over two decades of technology, innovation and business development experience. His startup and SME support has included mentoring through Enterprise Nation’s Help to Grow programme in the UK and the Tony Elumelu Foundation, alongside involvement with Be the Business, FasterCapital and IdeaGist USA. His support covers business models, product development, customer acquisition, growth planning, and the practical use of data and AI. These engagements contribute personal delivery experience and networks to MountMove Global’s capacity.
His education and assessment background strengthens programme quality. As a Senior Data Skills Coach at Avado, he coached hundreds of professionals and apprentices and developed a Data Champions programme to encourage workplace application. He contributed to data apprenticeship standards and assessment materials through BCS, The Chartered Institute for IT, London, and has undertaken independent assessment work with City & Guilds and Pearson. He co-authored the BCS publication Data Analyst: Careers in Data Analysis.","MountMove will embed inclusion throughout recruitment, learning delivery and participant support. We will target at least 40% female participation and 5% youth who are not in employment, education or training (NEET). We will monitor these proportions at enrolment and completion.
Our approach builds on experience delivering Empowerment Skill for Success (ESS) digital skills, employability and culturally relevant learning programmes through the wider MountMove organisations. The completed Nigeria and Sheffield programme combined online sessions with community learning days and tracked participant confidence and digital skills. We will apply these delivery and monitoring methods to this programme.
For recruitment, we will seek referrals through women’s business networks, youth organisations, community groups and local enterprise support organisations. Outreach will explain the programme’s benefits, participation requirements and available support in plain language. Female trainers, mentors and participant stories will help prospective applicants see themselves in the programme.
We will aim to recruit 45% women and 8% NEET youth, providing a margin above the minimum targets. We will review applications weekly, extend targeted outreach where representation is low, and maintain a reserve list. Applications will be available through online forms and assisted telephone or community registration. Selection will consider motivation and potential without requiring previous technical experience.
NEET applicants will receive a supportive onboarding conversation to identify barriers and agree learning goals. We will establish eligibility through proportionate self-declaration and any evidence required by the funder. Young women who are NEET may contribute to both inclusion targets, while each participant counts once within the overall cohort.
Before delivery, we will assess participants’ access to devices, connectivity, suitable study space and accessibility support. Within the programme budget, we will prioritise data assistance, transport support for essential physical sessions and practical arrangements for participants with caring responsibilities. We will explore device access through community partners where necessary.
Delivery will combine predictable schedules, flexible catch-up opportunities and accessible learning materials. These will include recordings, captions or transcripts, readable documents, clear visual layouts and materials that work on mobile phones with limited bandwidth. Facilitators will explain unfamiliar terminology and provide relevant local examples. Any physical venues will be assessed for accessibility, and individual support needs will inform reasonable adjustments.
The Training and Incubation Lead will coordinate inclusion, supported by Operations and Delivery. Trainers and mentors will receive guidance on inclusive facilitation, respectful communication and responding to participation barriers. A named safeguarding contact, clear conduct expectations and confidential reporting routes will help create a learning environment where participants can raise concerns safely.
We will track attendance, engagement and progression through a monitoring dashboard. Early absences will trigger supportive contact, followed by an agreed recovery plan where appropriate. Monthly reviews will examine female and NEET participation, retention, completion and feedback, with corrective actions assigned to named staff.
We will collect only necessary participant information, explain its purpose and restrict access. Funder will receive aggregated results. Success will mean meeting representation targets while enabling participants to complete meaningful projects, demonstrate stronger skills and identify realistic routes towards employment, further learning or enterprise.","MountMove Global draws on an established network of relationships across business support, technology education and enterprise development in Nigeria and internationally. These connections have developed through our founder’s professional roles, mentoring engagements and work across the MountMove organisations and AI for Africa Thinktank. They provide a strong foundation for identifying hosts, engaging specialist contributors and connecting participants with wider opportunities.
We have initiated communication with the National Open University of Nigeria (NOUN) regarding a potential hosting relationship. This is a promising engagement within our institutional outreach strategy. A formal hosting arrangement has not yet been confirmed. Our next step is to explore programme alignment, institutional requirements and the support that could be agreed for delivery.
Across Nigeria and Africa, our founder’s enterprise support experience includes mentoring through the Tony Elumelu Foundation and building connections through AI for Africa Thinktank. These engagements provide relationships with entrepreneurs, professionals and stakeholders working on digital skills, innovation and business growth. Our ESS delivery experience in Nigeria also informs how we approach institutions with programmes that reflect local learning needs and cultural contexts.
Internationally, our network includes relationships developed through Enterprise Nation’s Help to Grow programme, Be the Business, FasterCapital and IdeaGist. These connections bring access to experience across business mentoring, startup development and innovation ecosystems. Our founder’s work with BCS, Avado and professional assessment organisations further strengthens our understanding of industry expectations, learning quality and skills development.
Our completed ESS programme demonstrates experience coordinating community participation, trainers and contributors across online learning and physical delivery settings. This provides a basis for discussing responsibilities with prospective hosts and explaining how institutional collaboration can support participant engagement and programme delivery.
We will develop each hosting relationship through discussions and written agreements. These will address designated contacts, agreed access to facilities or digital platforms, recruitment support, accessibility, safeguarding responsibilities and arrangements for monitoring delivery. The scope will reflect each institution’s capacity and the programme’s requirements.
Our approach is to turn established professional relationships into purposeful delivery collaborations, with clear responsibilities and mutual value. We can offer prospective hosts practical programme design experience, mentoring connections and an understanding of both enterprise needs and inclusive learning. Our priority is to secure institutional commitments that strengthen delivery, extend participant access and connect learning with meaningful employment and enterprise opportunities.","MountMove will coordinate delivery through existing institutional teams, with responsibilities agreed once each hosting arrangement is confirmed. Our Training and Incubation Lead will serve as the programme contact, working with a designated institutional coordinator.
Entrepreneurship centres will help align practical projects with local business opportunities, identify suitable enterprise challenges and connect participants to incubation support. We will coordinate workshops and mentoring with existing activities, enabling participants to progress into established enterprise development pathways.
Career services will contribute to employability sessions, portfolio reviews, interview preparation and employer engagement. Together, we will identify relevant progression opportunities, including employment, further learning and entrepreneurship, and establish referral arrangements for continuing support after programme completion.

Student affairs teams will support outreach, onboarding, welfare and accessibility arrangements. We will agree processes for identifying participation barriers, responding to concerns and supporting retention. Recruitment planning will include routes for women and eligible NEET youth, including applicants outside the existing student population.
Alumni networks will provide potential channels for recruiting mentors, inviting industry speakers and identifying workplace projects. We will seek alumni contributions based on relevant experience, availability and clearly defined expectations.
A shared delivery calendar and regular coordination meetings will align schedules, facilities and communications. We will maintain an action log, agree escalation routes and review participation and progress together. Information sharing will respect participant confidentiality and follow agreed permissions. This approach will strengthen institutional capacity while giving participants connected support throughout their learning and progression journey.",,,yes,yes,,,"MountMove's strong partner and client networks in Nigeria and internationally provide a foundation for connecting programme participants with employers. We will use these relationships to identify business needs, secure industry contributions and develop progression opportunities linked to participants’ demonstrated capabilities.

Our employment pathway will begin at onboarding. Each participant will complete a skills assessment and career discussion, producing an individual progression plan. We will identify suitable occupational pathways, such as junior data analysis, digital operations, technical support and business support, matching these to programme content and realistic employer requirements.

Before and during delivery, our Business Growth and Advisory Lead will engage clients, partner businesses and industry contacts to identify relevant vacancies, skills gaps and project opportunities. We will seek specific commitments, including employer project briefs, mentoring time, workplace exposure and interview opportunities. Confirmed commitments will be recorded separately from prospective opportunities.

Participants will then undertake practical projects that reflect workplace expectations. Where businesses can contribute suitable briefs, learners will address genuine operational challenges using appropriately anonymised information. Trainers and industry mentors will assess technical work alongside communication, reliability, teamwork and problem-solving. Each participant will build a portfolio showing their contribution, methods and results.

The Training and Incubation Lead will coordinate employment preparation alongside technical learning. Support will include CV development, professional profiles, applications, interview practice and presenting project work. Host career services, where agreed, will help connect participants with existing employer engagement activities and relevant recruitment channels.

Towards programme completion, we will organise employer showcases and targeted introductions. Participants who demonstrate readiness will be referred for suitable vacancies, paid internships, entry-level positions or paid project assignments. International contacts will also be approached for appropriate remote opportunities, subject to employer requirements and participants’ readiness.

For participants requiring additional support, particularly NEET youth and women facing participation barriers, mentors will provide individual guidance and application follow-up. We will discuss accessibility needs and practical constraints early, helping participants assess opportunities against their circumstances and sustain engagement through recruitment.

We will maintain an employer opportunity register and track each participant’s movement from portfolio completion to referral, interview, offer and accepted opportunity. Follow-up at 30, 90 and 180 days after programme completion will record progression and continuing employment, using participant reports and employer confirmation where consent permits.

Employment, paid internships, freelance assignments and business creation will be reported separately. Confirmed job placements will require evidence of employment starting. Our aim is to convert industry relationships into documented recruitment opportunities and sustained progression, giving employers evidence of capability and participants structured support towards meaningful work.",false,true,true,true,true,true,true,Obi Umegbolu,CEO,2026-09-12 21:16:08.879+00,2026-09-12 21:16:08.879+00,2026-09-04 23:40:32.942275+00,2026-09-12 21:16:08.786695+00
f1cf4a11-632e-4028-bbe4-c8f7cd2ce95c,520416fe-71f8-49e9-8a9b-77e9e62a7c06,00605d6a-980d-406e-a669-c49fc93044cd,IDICE-NC-PLA-0001,DRAFT,Plateau,Think creatives and digital hub limited.,registered_entity,2025,Creative Hubs,https://www.instagram.com/thinkhub_creatives?igsi=YmRtNzExYzE1amp3,Rukayya Grace Umar,Business Development Manager,09017154030,umarfavour22@gmail.com,"[""Plateau""]","Oakland and City Polytechnic Building, Third Floor, Murtala Mohammad Way, Jos Plateau State Nigeria.",lt_15,2523298699025,4 full time and 10 part time.,,[],,,,,,,,,,,,,false,false,false,false,false,false,false,,,,,2026-09-03 16:33:26.322692+00,2026-09-04 14:56:23.944849+00
f1d59fbb-17f2-428b-a9da-5319181ee518,64a00dbc-4c53-4204-a59b-ec169b7c6c02,81e4d3e6-a12d-4761-8d1d-89057ff42ea9,IDICE-NC-KWA-0001,DRAFT,Kwara,Yheancarh Inc,other,2021,Innovation Hub,,,,,,[],,,,,,[],,,,,,,,,,,,,false,false,false,false,false,false,false,,,,,2026-09-05 22:20:16.027418+00,2026-09-05 22:21:46.455564+00
f4ebcb1a-6692-40a8-bf55-d4352203fc92,d60d7548-c349-44f7-adb4-1127eef1f098,0c9b8d16-a929-4449-8cd3-1391f7175796,IDICE-NC-BEN-0001,DRAFT,Benue,FM 3 SEVIZ LIMITED,registered_entity,1947237,Innovation Hub,WWW.FM3SEVIZ.NG,SUURSHATER NGUTSWEN,HEAD OF INNOVATIONS,08081023004,shadrachngutswen@gmail.com,"[""Benue""]",WAREFARE QUARTERS MAKURDI,15_30,2520759054864,FULL TIME,,[],,,,,,,,,,,,,false,false,false,false,false,false,false,,,,,2026-09-05 19:25:59.504071+00,2026-09-05 20:32:07.159604+00
faaa1ff4-ac01-4ef0-a430-9fccce37061b,b392239e-ea40-4845-a0ae-00331bd4c192,81e4d3e6-a12d-4761-8d1d-89057ff42ea9,IDICE-NC-PLA-0001,SUBMITTED,Plateau,CODEXTEL LIMITED,registered_entity,2017,Creative Hubs,www.codex.com.ng,Emmanuel Ebimoh,Learning and Development,07078767682,emmanuel@codex.com.ng,"[""Kwara"",""Nasarawa"",""Niger"",""Kogi"",""FCT"",""Plateau"",""Benue""]","House 3, No. 35, Julius Nyerere Crescent, Asokoro, Abuja.

5, Akila Machunga Road, Off National Library, Adjacent Jay FM Radio Station, Jos, Plateau State.",15_30,20581411-0001,7 full-time,"Codextel Limited operates a board-led governance and management structure designed to provide strategic oversight, executive accountability, financial control, programme management and technical quality assurance.

At the apex of the organisation is the Board of Directors, which provides overall strategic direction and governance oversight. The Board is responsible for corporate governance, organisational sustainability, risk oversight, major strategic decisions and ensuring that Codextel operates in accordance with its corporate objectives and applicable regulatory requirements.
The Chief Executive Officer (CEO) reports to the Board and provides overall executive leadership. The CEO is responsible for organisational strategy, institutional relationships, business development and ensuring that the company’s programmes and operations remain aligned with its mission and long-term objectives.

The CEO is supported by two principal executive functions:
Chief Operating Officer (COO) responsible for programme implementation, operational coordination, stakeholder management and oversight of delivery teams. 
Chief Financial Officer (CFO) responsible for financial management, budgeting, expenditure controls, financial reporting and supporting compliance with financial and contractual obligations. 
Below executive management, Codextel operates through specialised technical and operational teams led by functional heads, including Content, Graphics, Animation and Sound, supported by learning, research, digital systems, project-management and specialist personnel as required by individual assignments.
Codextel’s governance structure is reinforced by operational and back-office systems that support training schedules, participant feedback, performance tracking, programme reporting and continuous programme refinement. The organisation has managed large-scale initiatives such as the N-Power Creative Programme, which reached 1,500 beneficiaries, demonstrating the capacity of its management and operational capacity to coordinate complex programmes and maintain beneficiary and performance information. 
The organisation also incorporates legal, policy and compliance capacity into programme implementation. Recent documentation identifies experience in developing internal policies for regulatory compliance, corporate governance and the review of legal instruments relevant to public-private and development-sector engagements.

Codextel’s governance structure provides a clear accountability chain:
Board of Directors → Chief Executive Officer → COO / CFO → Programme & Technical Leads → Specialist Teams / Facilitators / Operational Staff","[""Technology"",""Creative"",""Industry linkage"",""Entrepreneurship""]","Codextel Limited has a strong track record in designing and delivering large-scale education technology, creative skills development, digital learning, and capacity-building programmes across Nigeria. Its programmes have served diverse cohorts including young people, students, teachers, creative professionals, facilitators, and in-school and out-of-school learners. Codextel's delivery model combines curriculum development, practical skills training, digital learning tools, creative content, facilitator development and community-based implementation. Its educational engagements have reached over one million learners through digital learning platforms and terrestrial media, while thousands of teachers, students and creative professionals have participated in its training and capacity-building initiatives. 

A significant example is in the N-Power Creative Programme, where Codextel Limited served as a lead implementing partner for creative digital skills training across the South-South and South-West regions of Nigeria. The programme targeted young people seeking employable and entrepreneurial skills within the creative economy. Codextel facilitated training in storytelling, animation, illustration and post-production, combining technical instruction with practical exposure and internship facilitation through creative hubs. This strengthened participants' practical competencies and supported pathways into employment, entrepreneurship and the wider creative industry.

Codextel also delivered programmes focused on STEAM education and digital skills development. Over a two-year engagement, the company designed and implemented creative skills hubs and deployed digital education tools and STEAM Labs across schools in Nigeria. Teachers and facilitators were trained to effectively manage these learning environments, while students gained access to hands-on learning in Science, Technology, Engineering, Arts and Mathematics. A further one-year programme involved administering STEAM Labs for both in-school and out-of-school learners, providing practical learning infrastructure designed to strengthen problem-solving, collaboration and readiness for future careers in technology and the creative industries.

In digital education, Codextel has developed interactive learning platforms aligned with the Nigerian National Curriculum, digitising subjects such as Mathematics, English, Basic Science, and Civic Education into accessible and engaging formats. Through our flagship education content, Codex Learn, the company has adopted visual, auditory and story-based approaches to learning while supporting teachers in integrating digital tools into classroom delivery. Codextel has also developed Hausa-language educational content to improve accessibility for learners in underserved communities and different cultural contexts.

Beyond education and training, Codextel has demonstrated capacity in public-sector communication and policy engagement. Under the Nigeria Economic Sustainability Plan (NESP), the company developed digital platforms and 2D/3D animated explainers to simplify national policies for public understanding. Codextel also provided communications support to the Federal Competition and Consumer Protection Commission (FCCPC), including policy advisory services and market surveys supporting strategic communications and public-sector implementation frameworks.

Overall, Codextel's programme history demonstrates the ability to design curricula, mobilise and train cohorts, establish and operate learning environments, train facilitators, develop digital learning solutions and deliver programmes across multiple Nigerian regions. This combination of nationwide programme delivery, creative-industry expertise and education technology capability provides a strong foundation for Codextel's role as an Enterprise Support Organisation (ESO) within the iDICE ecosystem.","1.	Federal Competition and Consumer Protection Commission (FCCPC)
Codextel has provided communications support, policy advisory services and market surveys to the FCCPC, demonstrating an established relationship with a major Federal Government institution and experience working within public-sector implementation and policy environments.

2.	Nigeria Economic Sustainability Plan (NESP) Ecosystem
Through its work developing digital platforms and animated public-communication materials under the NESP, Codextel has participated in a broader network of government, policy, communications and development stakeholders involved in national economic programmes.

3.	N-Power/Federal Government of Nigeria
Through the N-Power Creative Programme, Codextel worked within a national youth development ecosystem focused on creative and digital skills. This gave the organisation experience engaging trainees, facilitators, creative hubs and programme stakeholders across multiple regions.

4.	N-Power Junior/STEAM Education Network
Codextel’s work establishing and supporting STEAM Labs across states in the country created relationships with schools, teachers, facilitators, education administrators and public-sector stakeholders involved in technology-enabled learning.

5.	Public and Private Schools Network
Codextel’s education programmes, digital learning platforms and STEAM initiatives have connected the organisation with schools, teachers, school administrators and education stakeholders across Nigeria. These relationships provide a strong pipeline for mentoring, training, pilot implementation and beneficiary recruitment. 

6.	Creative Hubs and Creative Industry Practitioners
Through the N-Power Creative Programme and its broader creative-sector activities, Codextel has worked with creative hubs, trainers and practitioners in animation, illustration, storytelling, post-production, design and digital content production. This network is particularly relevant for mentorship, internships, industry exposure and talent placement. 

7.	Teachers and Facilitator Network
Codextel has trained teachers and facilitators to operate STEAM Labs and adopt digital education tools. This provides the organisation with a network of education professionals who can support training delivery, mentoring and learner engagement. 

8.	Development Organisations and NGO Networks
Codextel’s organisational profile notes collaborations with government agencies, NGOs and development partners in designing and delivering inclusive learning interventions. This gives the company access to organisations interested in education, youth development, digital inclusion and creative-economy programming. 

9.	Curriculum, Research and Education Professionals
Through curriculum development, research, training design and digital learning projects, Codextel has developed relationships with curriculum specialists, researchers, instructional designers and education professionals who can contribute to mentorship and technical advisory support.

10.	Community Learning and Grassroots Networks
Codextel’s work with in-school and out-of-school learners, community learning initiatives and regionally adaptable programmes provides links to local facilitators, community organisations and grassroots education networks.","Codextel Limited will adopt a deliberate inclusive recruitment, participation and retention strategy to achieve and sustain the target of at least 40% female participation and 5% participation of NEET youth (Not in Education, Employment or Training). This approach builds on our experience delivering programmes for young people, in-school and out-of-school learners, teachers and underserved communities across Nigeria.

To achieve the 40% female participation target, Codextel will establish gender targets from the beginning of beneficiary mobilisation rather than relying on general applications to produce the required representation. Recruitment data will be monitored throughout the application, screening and onboarding stages, with a minimum of 40% of available programme places reserved for qualified female participants. Outreach will specifically target women and girls through schools, tertiary institutions, community organisations, women-focused networks, creative communities and digital channels.

Codextel will also address barriers that can prevent women from completing programmes. Training schedules and delivery formats will be designed to accommodate participants with family or caregiving responsibilities where practicable. Female mentors, trainers and creative-industry professionals will be incorporated into programme activities to provide visible role models and strengthen participants’ professional networks. Our Gender & Inclusion function will monitor participation, retention and completion rates and recommend corrective action where gender targets are at risk.

For the minimum 5% NEET youth target, Codextel will undertake targeted mobilisation beyond conventional school and professional networks. Outreach will include community-based organisations, youth groups, local learning centres, grassroots networks and organisations working with unemployed and underserved young people. Our experience with out-of-school learners, community learning initiatives and adaptable digital learning formats provides a useful foundation for reaching participants who may not be connected to formal education or employment structures. 
Selection processes will recognise that NEET youth may have limited formal qualifications, portfolios or previous professional exposure. Where appropriate, Codextel will therefore use interest, aptitude, creativity and willingness to learn alongside conventional academic credentials when assessing candidates.
Accessibility will also be integrated into programme delivery through simplified learning materials, visual and audio-based content, accessible digital resources and flexible learning approaches. Codextel’s existing experience developing story-based, visual and auditory learning content, including Hausa-language educational materials, demonstrates its capacity to adapt learning experiences to different literacy, language and accessibility needs.

Finally, Codextel will maintain disaggregated beneficiary data covering gender, NEET status, location, enrolment, attendance, completion and outcomes. Progress against the 40% female and 5% NEET targets will be reviewed periodically, allowing recruitment or retention interventions to be adjusted early.
This combination of targeted recruitment, reserved participation thresholds, accessible programme design, community outreach, inclusive selection and continuous monitoring will enable Codextel to move beyond nominal inclusion and achieve measurable participation and completion outcomes for women and underserved youth.","Codextel Limited has extensive experience working with schools, government institutions, training facilities, facilitators and education stakeholders across Nigeria, including programmes implemented on a multi-state and nationwide basis.

A particularly relevant foundation is Codextel’s experience in the design, establishment and administration of STEAM Labs across the six geopolitical zones in Nigeria. These engagements required coordination with schools, teachers, facilitators and education authorities for the deployment of learning infrastructure, training of personnel and delivery of practical Science, Technology, Engineering, Arts and Mathematics programmes. Codextel has also implemented digital learning platforms and teacher-support initiatives, providing additional experience working within formal educational environments.

Codextel’s operational experience extends to the Federal Capital Territory and other regions across Nigeria, giving the organisation familiarity with implementing programmes across different institutional, cultural and geographic contexts. Its implementation model combines engagement with public-sector stakeholders and grassroots partnerships, enabling programmes to be adapted to the realities of individual locations and beneficiary communities.

Codextel will assign dedicated programme personnel to maintain regular communication with the management and focal persons of each host institution. This will be complemented by engagement with relevant state and local stakeholders, education institutions, creative communities and youth networks to strengthen beneficiary mobilisation and local ownership.

The organisation’s experience training teachers, facilitators, students, young people and creative professionals also provides an established methodology for onboarding local facilitators and integrating them into programme delivery. This will enable Codextel to build capacity within host institutions rather than operate entirely through externally deployed personnel.","Codextel Limited will adopt an institution-led implementation approach, working through existing structures within each host institution rather than establishing parallel systems. This will strengthen local ownership, improve beneficiary mobilisation and ensure that programme activities are integrated into the institutions’ existing student and enterprise-support mechanisms.

The Entrepreneurship Centres will serve as key implementation partners for enterprise and innovation activities. Codextel will work with these centres to identify students and young creatives with entrepreneurial potential, coordinate entrepreneurship training, provide business-development support, organise mentorship sessions and connect participants to relevant industry opportunities. Where available, existing incubation facilities, innovation hubs and enterprise-development programmes will be incorporated into programme delivery.

Codextel will collaborate with Career Services/Career Development Units to strengthen participants’ transition from training to employment and industry opportunities. These units will support career-readiness activities such as CV and portfolio development, employability workshops, internship placement, industry engagement and job-opportunity dissemination. Codextel will complement these structures by leveraging its creative-industry practitioners, trainers and professional networks to expose beneficiaries to practical career pathways in animation, design, storytelling, digital media and other creative disciplines.
Student Affairs Divisions will play an important role in beneficiary mobilisation, communication and participant welfare. Codextel will collaborate with Student Affairs teams, student associations and relevant campus organisations to publicise programme opportunities, support transparent participant recruitment and promote inclusive participation. These structures will also help identify and address barriers affecting women, NEET youth and other underserved groups.

Codextel will further engage Alumni Relations Offices and alumni networks to identify experienced professionals, entrepreneurs and industry practitioners who can serve as mentors, guest facilitators, speakers and potential employers. Alumni-owned businesses and professional networks can also provide internship, apprenticeship, market-access and employment opportunities for programme participants.
At the commencement of implementation, Codextel will work with each host institution to identify designated institutional focal persons across these structures. A coordination mechanism will then be established to support programme planning, participant mobilisation, scheduling, monitoring and reporting.","Codextel Limited will adopt a collaborative train-the-trainer and co-delivery approach that actively involves institutional staff and faculty throughout programme implementation. The objective is to ensure that host institutions are not merely venues for programme delivery but become active partners capable of supporting participants, sustaining programme activities and strengthening their own creative and digital-skills capacity.

At the commencement of the programme, Codextel will work with the management of each host institution to identify relevant faculty members, technical instructors, entrepreneurship-centre personnel, career-service officers, student affairs representatives and other designated staff who can contribute to implementation. Institutional focal persons will be appointed to facilitate communication, scheduling, participant mobilisation and coordination with Codextel’s programme team.

Selected faculty and staff will participate in an initial orientation and capacity-building programme covering the objectives of the iDICE intervention, training methodology, curriculum, digital learning tools, beneficiary support, inclusion requirements, monitoring procedures and expected outcomes. Where appropriate, Codextel will adopt a Training-of-Trainers (ToT) model to strengthen the ability of institutional personnel to support or independently deliver aspects of the programme.
Faculty members with relevant expertise will also be incorporated into programme delivery as co-facilitators, mentors, technical advisers and assessors. This approach will combine their knowledge of the local student environment with Codextel’s experience in creative-skills development, curriculum design, digital learning and industry-oriented training.

Codextel will establish regular engagement mechanisms, including implementation meetings, faculty feedback sessions and periodic programme reviews, to identify challenges and improve delivery. Staff will also participate in monitoring learner attendance, engagement, assessment and progression, creating shared accountability for programme outcomes.
The engagement model will extend beyond classroom training. Entrepreneurship and career-development personnel will be encouraged to support participants with business development, employability, internships and career guidance, while relevant faculty and alumni will be mobilised as mentors and industry connectors.

This strategy builds on Codextel’s previous experience training teachers and facilitators to manage STEAM Labs and effectively use digital education tools. Its previous programmes have emphasised building the capacity of institutional personnel alongside the deployment of learning infrastructure, thereby supporting continued utilisation beyond the initial intervention. 
Ultimately, Codextel’s approach is designed to create institutional ownership and knowledge transfer. By equipping faculty and staff to participate in programme delivery, mentoring and beneficiary support, Codextel will leave each host institution with strengthened internal capacity that can continue supporting creative skills development, entrepreneurship and employability after the iDICE programme cycle concludes.","Codextel Limited will adopt a transparent, inclusive and institution-led beneficiary identification and referral process to ensure that eligible young people are effectively reached and selected for the programme. The approach will combine institutional referrals, open calls, targeted community outreach and partnerships with relevant youth and creative-industry networks.

Within each host institution, Codextel will work closely with Entrepreneurship Centres, Career Services, Student Affairs units, relevant academic departments and student associations to identify potential beneficiaries. These institutional structures will support programme awareness, recommend eligible participants and disseminate application opportunities through their existing student communication channels.

An open call for applications will complement institutional referrals. Programme information will be distributed through institutional platforms, social media, digital communities, creative networks and other appropriate channels. Applicants will complete a structured registration process capturing information such as age, location, educational/employment status, creative interests, existing skills, training needs and preferred creative discipline.

To achieve the programme's inclusion targets, we will undertake targeted mobilisation of women and NEET youth alongside general recruitment. Female-focused student groups, community organisations, youth associations and relevant grassroots networks will be engaged to support referrals. At least 40% female participation and 5% NEET youth participation will be incorporated into beneficiary selection and monitored throughout recruitment.

For NEET youth who may not be connected to host institutions, we will extend recruitment into surrounding communities through youth organisations, community leaders, learning centres, local creative networks and other grassroots structures. This will help ensure that participation is not restricted solely to students already within formal educational institutions.

Beneficiary selection will be based on clearly communicated eligibility criteria. Depending on the programme track, assessment may consider interest and aptitude, motivation, existing or emerging creative ability, availability to complete the programme, and potential to benefit from the intervention. Selection will not depend solely on academic qualifications, particularly for NEET and underserved applicants who may possess creative potential without extensive formal credentials.

Successful applicants will be referred to appropriate training tracks based on their interests, aptitude and identified skills gaps. Where necessary, participants will undergo orientation or baseline assessments before placement.
Codextel will maintain a central beneficiary database to track applications, referrals, selection, enrolment, gender, NEET status, attendance, completion and progression. This will enable the programme team to monitor recruitment targets and address participation gaps early.

Our experience delivering programmes for students, young people, creative professionals, teachers, and in-school and out-of-school learners across Nigeria provides a strong foundation for beneficiary mobilisation and management.",yes,yes,"Codextel Limited applies a structured Monitoring, Evaluation, Reporting and Data Management approach to track programme implementation, beneficiary participation, learning outcomes, operational performance and post-training outcomes across its education, digital skills and creative-sector programmes.

For large-scale interventions such as the N-Power Creative Programme, which trained over 1,500 young Nigerians, Codextel maintained systems for managing training schedules, participant feedback and performance tracking. These processes enabled the organisation to monitor beneficiary participation and programme performance while generating information required for programme refinement and stakeholder reporting.

Codextel's monitoring and reporting framework covers key programme indicators including beneficiary enrolment and participation, training progress, skills development, programme completion, job placements and entrepreneurial outcomes. Under the N-Power Creative Programme, Codextel delivered impact reports to the Federal Government of Nigeria containing data on the number of beneficiaries trained, job placements and entrepreneurial outcomes.

For the N-Power Junior STEAM Programme, Codextel's reporting activities included monitoring the effectiveness of deployed digital education tools, student engagement and learning progress. The programme also involved the establishment and administration of STEAM Labs and facilitator training, requiring ongoing monitoring of programme implementation and operational effectiveness.

Codextel also has demonstrated capacity in research-based data collection and analysis. With our work with the Federal Competition and Consumer Protection Commission (FCCPC), we conducted an extensive market survey, analysed collected data and produced actionable recommendations to support policy formulation and regulatory decision-making. 
Our existing monitoring and data-management approach can support the full beneficiary lifecycle of the iDICE programme through:
Application/Registration → Beneficiary Profiling → Enrolment → Attendance → Training Progress → Assessment → Completion → Incubation Progress → Internship/Industry Placement → Employment/Enterprise Outcomes

Data would be maintained in structured beneficiary records and programme databases, with appropriate disaggregation by gender, location, programme/skill track and beneficiary status, allowing progress against inclusion and programme targets to be monitored.
Periodic programme reports would consolidate quantitative indicators and qualitative evidence, including attendance and completion data, assessment results, beneficiary feedback, mentor/facilitator observations, testimonials, portfolio development, internship/placement outcomes and entrepreneurial progression.

This approach gives us the capacity to provide traceable beneficiary records, evidence-based performance reports, outcome monitoring and timely management information for programme oversight and continuous improvement.",,"Codextel Limited employs a structured training-to-employment and entrepreneurship pathway designed to move beneficiaries beyond skills acquisition into practical industry experience, paid work, self-employment and entrepreneurial opportunities.

This approach has been demonstrated through the N-Power Creative Programme, where Codextel trained over 1,500 young Nigerians in storytelling, digital illustration, 2D/3D animation, voice acting and post-production. The programme combined technical training with entrepreneurial development and practical industry exposure.

Most importantly, Codextel established and managed partnerships with animation studios and other creative-sector organisations to provide beneficiaries with structured internship opportunities. The programme documentation describes these arrangements as creating direct pathways to employment and entrepreneurial ventures within Nigeria's creative industry.

Codextel's employment pathway can therefore be represented as:
Beneficiary Recruitment → Skills/Aptitude Assessment → Technical & Creative Training → Practical Projects → Entrepreneurship & Employability Development → Portfolio Development → Industry Exposure → Structured Internship/Placement → Employment, Freelancing or Enterprise Creation.

Under the iDICE programme, this model will be strengthened through the following mechanisms:
Industry-Relevant Training: Beneficiaries will receive practical training aligned with current opportunities in the digital and creative sectors, supported by project-based learning and portfolio development.

Portfolio and Work-Readiness Development: Participants will complete practical projects that demonstrate their capabilities to prospective employers and clients. Employability preparation will include professional profiles, portfolios, CV development, interview readiness and workplace orientation.

Industry Mentorship and Exposure: Creative and technology professionals will be engaged as mentors, facilitators and industry advisers, enabling beneficiaries to understand workplace expectations, commercial standards and available career pathways.

Internships and Industry Placements: Codextel will leverage relationships with creative studios, digital businesses, partner organisations and other employers to facilitate internships, apprenticeships and work-placement opportunities. This builds directly on Codextel's previous N-Power Creative internship model.

Freelancing and Entrepreneurship: Because employment in the creative and digital economy extends beyond conventional salaried jobs, beneficiaries will also be prepared for freelancing, contract work and enterprise creation, supported through entrepreneurship development and incubation.

Post-Programme Tracking: Beneficiary progression will be monitored beyond training to track internships, employment, freelance engagements, enterprise creation and other economic outcomes.",false,true,true,true,true,true,true,Emmanuel Ebimoh,Mr.,2026-09-14 16:21:51.992+00,2026-09-14 16:21:51.992+00,2026-09-05 00:04:22.868081+00,2026-09-14 16:21:55.563844+00
feb73788-742c-4cab-9155-a75e7679b8b3,7f5bd244-6ed6-4fab-a5c4-a8d25fc2796b,1c510fe8-ad6d-4204-84ec-7562eb5900c5,IDICE-NC-NIG-0001,SUBMITTED,Niger,Glowing Minds Initiatives,registered_entity,2020,Startup Support Organisations,https://www.glowingmindsinitiatives.org,Shamsudeen Abdulrazak,Executive Director,08148451424,info@glowingmindsinitiatives.org,"[""Niger"",""FCT""]","Abuja Address - Plot 404 , Marcus Garvey Street, 54 Road, 5th Avenue, Gwarimpa
Niger Address - Behind House No 30 Franklin Street, PDP Qtrs , Suleja.",gt_60,263722227910,"10 Full-time , 2 part-time Staff","Glowing Minds Initiatives is lead by a 5 Member Board . With Prof Abdullahi Bala - the Vice Chancellor of Phoneix University Nasarawa State as the Board Chairman. He supports the Board with his vast experience in Academia. 

Mr Bello Lateef - an International Development Expert based in USA provides oversight in terms of our Program  quality and Impact.

Mrs Samirah Bello - The Global Partnership Head at Thrive Agric - ensures that our Compliance Documents and Partnership Documents are in good standing. 

Mr Ibrahim Jimoh - A Tech Expert and CEO - Corestream Networks and Robotics - Ensure our Technological adoption as an Organisation is up to date. 

Mr Shamsudeen Abdulrazak - The Executive Director and Board Secretary Leads the Day- to Day Activities of the Organisation. 

Ms Mercy Ogwuche - An International Development Expert - Also provides Oversight in terms of the Quality of our Programs delivery.","[""Technology"",""Hybrid"",""Entrepreneurship""]","Glowing Minds Initiatives (GMI) has a demonstrated track record of designing and delivering youth-focused entrepreneurship, technology, employability, leadership, and innovation programs across Nigeria. Since its establishment, GMI has combined practical training, mentorship, incubation, business support, digital learning, and ecosystem engagement to help young people transition from learning to enterprise, employment, and self-reliance.

In terms of Entrepreneurship - GMI has delivered entrepreneurship and business development programmes that equip young people with the knowledge and practical tools to start, manage, and grow sustainable ventures. Through our Student Leadership Entrepreneurship Program (SLEP), undergraduate students in public universities receive entrepreneurship training, business ideation support, pitching opportunities, business clinics, mentorship, and exposure to markets through trade fairs, So far we have been able to reach Undergraduates across 34 Higher Institution in Nigeria spread across 5 Cohorts. GMI has also implemented the Young Climate Entrepreneurs Program (YCEP), an 8-week programme supporting young graduates to develop green businesses and circular-economy solutions. Its first cohort incubated 10 youth-led businesses, combining structured training, mentoring, business development, and post-programme support.

GMI also delivers entrepreneurship through its annual Future Focus Conference (FFC), which convenes young entrepreneurs, professionals, ecosystem leaders, government, development organisations, and private-sector stakeholders around emerging opportunities in entrepreneurship, innovation, and the future of work.

In terms of Technology -  GMI integrates technology into programme delivery, learning, employability, and entrepreneurship. Through its Graduate Employability Program (GEP), GMI has trained over 2,000 young graduates, using digital and technology-enabled approaches to build workplace, career, and entrepreneurial competencies. GMI is further developing its own Learning Management System (LMS) to expand access to structured digital learning and strengthen scalable programme delivery.

GMI also incorporates technology and digital tools into civic and youth-development programming, including digital data collection, online training, virtual mentorship, and technology-enabled stakeholder engagement. Its emerging AI for Youth Employability initiative focuses on preparing young people to adapt to AI-driven changes in the labour market.

In terms of Hybrid Delivery - GMI has substantial experience delivering programs through hybrid models combining physical and virtual engagement, Its programs have reached young people through online training, virtual mentorship, digital communications, physical workshops, business clinics, career fairs, summits, trade fairs, and community-level engagements. This approach enables GMI to combine the scalability and accessibility of digital delivery with the depth, relationship-building, and practical application offered by in-person engagement.

Since our Inception GMI's delivery model is youth-centred, practical, technology-enabled, partnership-driven, and outcomes-oriented, with experience translating training into entrepreneurship, employability, leadership, and ecosystem opportunities for young people.","1. FATE FOUNDATION 
2. IMPACT INVESTMENT FOUNDATION 
3. LEAP AFRICA","Glowing Minds Initiatives (GMI) has a strong track record of delivering inclusive youth development programmes. Over the last five years, 60% of GMI’s beneficiaries have been female, demonstrating our commitment to gender equality and meaningful participation of young women. GMI has a Gender and Social Inclusion (GESI) framework that guides programme design, beneficiary selection, implementation, and monitoring, ensuring equitable access for women, persons with disabilities, and underserved youth.

Our inclusion strategy is built on the principle of “Nothing for Us Without Us,” ensuring that marginalised groups participate in shaping interventions that affect them.

Our Strategy to achieve 40% female and 5% NEET youth targets is detailed below : 

1. Inclusive Outreach and Recruitment: GMI will leverage its established youth networks, community partnerships, universities, employability platforms, disability-led organisations, and social media channels to reach diverse beneficiaries. Targeted mobilisation will prioritise young women and youth who are not in education, employment, or training (NEET), with beneficiary registration forms capturing gender, employment, education, and accessibility needs.

2. Gender-Responsive Participation: Building on our five-year record of 60% female beneficiaries, GMI will set a minimum 40% female participation target, supported by targeted outreach to women-led groups, female students, young women entrepreneurs, and underserved communities. Female mentors, facilitators, and role models will be engaged to strengthen participation and retention.

3. NEET Identification and Support: GMI will work with community leaders, youth associations, employment networks, and local stakeholders to identify and recruit NEET youth, maintaining a minimum 5% NEET beneficiary target. Flexible scheduling, practical skills training, career guidance, entrepreneurship support, and post-training referrals will reduce barriers to participation and improve pathways to employment or self-employment.

4. Disability Inclusion and Accessibility: GMI will prioritise accessible venues with ramps, provide reasonable accommodations, and engage sign-language interpreters where required. Persons with disabilities and disability-led associations will be involved in programme planning and implementation.

5. Monitoring and Accountability: Disaggregated data by gender, disability, and NEET status will be collected and reviewed throughout delivery. Recruitment adjustments and targeted support will be implemented where participation gaps emerge.","Glowing Minds Initiatives (GMI) started as an idea on the campus of the Federal University of Technology, Minna, and has since evolved into a youth-focused organisation committed to advancing entrepreneurship, employability, and leadership development.

In 2018 and 2019, GMI hosted the first two editions of its Campus Entrepreneurship Programme at the Federal University of Technology, Minna. Building on the success of these early editions, the programme expanded to other higher institutions across Nigeria, including Fountain University, Osogbo; Nile University, Abuja; and the University of Abuja.

GMI also maintains a working relationship with the Student Affairs Division of Abdulkadir Kure University, Minna, further strengthening its institutional engagement and access to student communities.

Our existing relationships with the host institutions is reinforced by the leadership and governance expertise of our team. Our Executive Director is a former Student Union President of the Federal University of Technology, Minna, bringing firsthand experience in student leadership and campus engagement while our Board Chairman is a former Vice-Chancellor of the same university, providing valuable institutional knowledge and strategic oversight.

Together, these experiences and relationships position GMI to effectively design, coordinate, and deliver entrepreneurship programs within these host institutions.","Glowing Minds Initiatives has a network of Campus Ambassadors across Public Universities in Nigeria. We also have strong relationship with the Entrepreneurship Centre in Federal University of Technology, Minna, Student Affairs Division of Abdulkadir Kure University, Student Entrepreneurship Club of Nile University and the Student Union of University of Abuja.",We plan to Pay Courtesy Visits to all the institutions to discuss our engagement modalities and build up on our already existing relationship.,We will get our beneficiaries through Call for Applications via our Social Media Handles which will be further amplify by our existing Networks - i.e our Campus Ambassadors and the University Campus Radio in the respective Institutions.,yes,no,"We have a strong Monitoring , Reporting and Data Management system. To that effect we have a dedicated M & E Officer that works full-time. We ensure that there is a pre and post training survey to evaluate the change in Knowledge , after the training we onboard our beneficiaries into our alumni community where we continue to provide a post training support.",Our current Business Model is a based on grant where we operate on a B2B2C . But we are currently on transition to operate as a full-fledge social enterprise where some of our services will be paid for.,"40% of our Beneficiaries have gone ahead to either monetize the knowledge gain from our training to earn a living, start or scale their existing ventures. Our Modules contains effective Marketing and fundraising which equips them with the knowledge to scale their business.",false,true,true,true,true,true,true,Shamsudeen Abdulrazak,Executive Director,2026-09-15 19:17:57.311+00,2026-09-15 19:17:57.311+00,2026-09-15 12:38:10.358455+00,2026-09-15 19:21:36.383695+00
